{
"type": "FeatureCollection",
"name": "metro_direct",
"xy_coordinate_resolution": 1e-29,
"features": [
{"type":"Feature","properties":{"Layer":"r","PaperSpace":null,"SubClasses":"AcDbEntity:AcDbPolyline","Linetype":null,"EntityHandle":"2BD","Text":null},"geometry":{"type":"LineString","coordinates":[[121.51756046795838983598514460027,25.03286223964576251432845310774],[121.5171151148853851964304340072,25.03340901315774047475315455813],[121.51620717525577219930710271001,25.03471267068481509454613842536],[121.51607504810718296539562288672,25.0348857937045181643043179065],[121.51539541250510012559971073642,25.03602966649840766422130400315],[121.51500670799872239058458944783,25.03670461707688232877444534097],[121.51479971370582688905415125191,25.03737352656339965051301987842],[121.51481475054303871274896664545,25.03862788936585914711940858979],[121.51489011589576705318904714659,25.03959708771708037033931759652],[121.51490066885682495012588333338,25.03964201073411999232121161185],[121.51591334549266321118921041489,25.04287637342568473286519292742],[121.51615679958662497028853977099,25.04385763283854515748316771351],[121.51682944894726290385733591393,25.04615043722015244043177517597],[121.51686918107213841722114011645,25.04627321233483883133885683492],[121.51690165520550124256260460243,25.04637333215184114010298799258],[121.5181688144588889599617687054,25.04834191118848352175518812146],[121.51937794374934753705019829795,25.04977683413333977568981936201],[121.51952072576533225856110220775,25.05000855962726191705769451801],[121.51959857083744509509415365756,25.05020203828258473777168546803],[121.51971078097047040955658303574,25.05056987409719226889137644321],[121.51982209659291811476578004658,25.05140683263539358449634164572],[121.51982658046908625237847445533,25.05146158337779382918597548269],[121.51992763752639348240336403251,25.05270912947533545889200468082],[121.51995552587727900117897661403,25.05292046752519041774576180615],[121.52001258206911415982176549733,25.05375262999290697507603908889],[121.52016520370210628243512474,25.05597661214693161468858306762],[121.52027981429408498570410301909,25.05764577750334254346853413153],[121.5202933451830631383927538991,25.05782381725228802338278910611],[121.52032370193043675499211531132,25.05909302827961582238458504435],[121.52031226578164080365240806714,25.05939228933677043187344679609],[121.52024615125418449679273180664,25.05981989617834315708932990674],[121.52014797021847414271178422496,25.06023109030629569815573631786],[121.51996697334898556164262117818,25.06071614354274501579311618116],[121.51987538225250773393781855702,25.06095714115489769824307586532],[121.51971905802477635916147846729,25.06128137840569891636732791085],[121.51919155717013154571759514511,25.06253243494673554891960520763],[121.51913250814455125237145693973,25.0626366031810725587547494797],[121.51874460756539519934449344873,25.06375225726384314839378930628],[121.51870147856475057324132649228,25.06405368136066513784498965833],[121.51868057645522469556453870609,25.06439838272248366024541610386],[121.5187233884141875250861630775,25.06468942550951339853781973943],[121.51917452749907511133642401546,25.06613109559556562544457847252],[121.5199474526356198111898265779,25.07159739630670358678798947949],[121.5202131902352817860446521081,25.07317029696806898186878242996],[121.52039878421020091536774998531,25.07376640610703688594185223337],[121.52073521079681484025059035048,25.07440715596795399733309750445],[121.52207587844409886201901827008,25.07704676717986913558888772968],[121.5234254006145562243546009995,25.07939829353444949333606928121],[121.52359524440834093184093944728,25.0797054426514414160465094028],[121.52376272171188986703782575205,25.08017941991446164706758281682],[121.52384884383822338804748142138,25.08047015343427688094379846007],[121.52393128601565308599674608558,25.08076016839298816307746164966],[121.52430325524686338667379459366,25.08211535710602291260329366196],[121.52468379592818337187054567039,25.0833617706449878426155919442],[121.525134040502450716303428635,25.08508285787262792609908501618],[121.52527871344602772296639159322,25.08564338609189903195328952279],[121.52543801560159408836625516415,25.08603292756773228688871313352],[121.52564679891575849524087971076,25.08637451112571525868588651065],[121.52666665428260728276654845104,25.08757949836294542933501361404],[121.52692342412998982581484597176,25.08796029667936977602948900312],[121.52712713477613704071700340137,25.08836499229337846372800413519],[121.52723954872180911479517817497,25.08871332201558246310924005229],[121.52729999046648856619867729023,25.08915958213215091632264375221],[121.52730596896805081996717490256,25.08961711037550657010797294788],[121.52717602714288602783199166879,25.09028068069642714021938445512],[121.52697570204965415996412048116,25.09108869652692774820934573654],[121.52686617544850378180854022503,25.09157543744187179868276871275],[121.5267476924180414243892300874,25.09210184535951881912296812516],[121.52664155136992008010565768927,25.09246225428195486983895534649],[121.52657584446748728623788338155,25.09268533669049006107343302574],[121.52601936826175688111106865108,25.09431125215649061033218458761],[121.52598931723316866282402770594,25.09439736143085397657159774099],[121.52566681783756052936951164156,25.09531860126048030679157818668],[121.52526505800491918307670857757,25.09639969900261391444473701995],[121.5248000936352497092229896225,25.09755760933958512737262935843],[121.52476584180347174424241529778,25.09762559259432279645807284396],[121.52429161528552015170134836808,25.09856719267553160079842200503],[121.52321559823759855589742073789,25.10071128506395865542799583636],[121.52296986823679958433785941452,25.1013775021541327703289425699],[121.52282521793914327190577751026,25.10207067209371700755582423881],[121.52263911443289146063762018457,25.10326395428033663392852758989],[121.52250270722069558360090013593,25.10413905910488097106281202286],[121.52236312959097119801299413666,25.10470860494218214853390236385],[121.52209578413673796148941619322,25.10527354442193370687164133415],[121.52178632874456809531693579629,25.10579557167073971868376247585],[121.52000878889104740210314048454,25.10837834004343349647569993977],[121.51940621707956324826227501035,25.10933192500229793608923500869],[121.51892003355857241331250406802,25.11003659455247927212440117728],[121.51839134379740414715342922136,25.1108030945540328104925720254],[121.51800453021863290814508218318,25.11128109858269752407977648545],[121.5174290428308125910916714929,25.11217138661284664635786612052],[121.51689167971333915829745819792,25.1130125223714948390352219576],[121.51625445976797834646276896819,25.11399177422748607568792067468],[121.51586396624037433866760693491,25.11457046550015093089314177632],[121.51550643373160198734694859013,25.11511967321782279327635478694],[121.51524607451871418106748024002,25.11548984122092775805867859162],[121.51490613782695504596631508321,25.11594555883038992760702967644],[121.51483125935985185606114100665,25.11605383380382860991630877834],[121.51340897610815261487005045637,25.11812189198957767644060368184],[121.5131888472285339730660780333,25.11844977110054699664942745585],[121.51285290752745993358985288069,25.11890755372306216486322227865],[121.51259712277408198133343830705,25.11918124340040137099094863515],[121.51234978491874016981455497444,25.11939913566357418517327459995],[121.51203067107616107023204676807,25.11962433211481027228728635237],[121.51176594121628227185283321887,25.11978786737285673780206707306],[121.51142264161747164052940206602,25.11995752286158634092316788156],[121.51105901737797410078201210126,25.1200927467855095187587721739],[121.51047985004130680408707121387,25.12024636262185239843347517308],[121.50842620079372125019290251657,25.12065401161231292803677206393],[121.50773721246011405128228943795,25.1208116865103647796786390245],[121.50724176679085530849988572299,25.12092508826265202515060082078],[121.50651473344731812176178209484,25.1210666262962725170382327633],[121.50540877860012756173091474921,25.12126683579890240594068018254],[121.50425649036581887685315450653,25.12147174546149130947014782578],[121.50383791599759319979057181627,25.12159713616545531067458796315],[121.50345180443983394980023149401,25.12174651609295850107628211845],[121.50309892565103098149847937748,25.12195376749696862361815874465],[121.50276828507635684673005016521,25.12222393910387197024647321086],[121.50245983742406963301618816331,25.12254224741293384681739553344],[121.50222673247850480038323439658,25.1228695713201481964915728895],[121.5020322839806254933137097396,25.12325945556089834553858963773],[121.50188245910862860910128802061,25.12373110095763450999584165402],[121.50175889208732371571386465803,25.12433426291707050381774024572],[121.50163362662793531399074709043,25.12506147121500532648497028276],[121.50145651351982678534113802016,25.125938126873734290711581707],[121.50135853629667792574764462188,25.12637550664596730598532303702],[121.50119903032847901158675085753,25.12725395712137199666358355898],[121.50108929991483819321729242802,25.12787811182072772453466313891],[121.50104848078973418523673899472,25.12810221112980357816013565753],[121.50088759342534672214242164046,25.129169405343880328018713044],[121.50076301866417338715109508485,25.12961281662887103038883651607],[121.50057454866767159273877041414,25.12997329437853721856299671344],[121.50046015321122183650004444644,25.13019323812811833818159357179],[121.50031039627673123959539225325,25.13042751256288553918238903861],[121.50006239036913768813974456862,25.13082747001433148170690401457],[121.49978488825605893453030148521,25.13119452023835620479985664133],[121.49959830918710679270589025691,25.1314644920166081476509134518],[121.49944110177162315267196390778,25.13169579634164563231024658307],[121.49899283870830402065621456131,25.1322589863028795775790058542],[121.49862504763443382671539438888,25.13272203229595191942280507647],[121.49827616583625911061972146854,25.13312432456531197999538562726],[121.49791166973193412559339776635,25.13358862813399241531442385167],[121.49778352825106253476405981928,25.13382587392658251701504923403],[121.49767639078594072543637594208,25.13405501085517457227069826331],[121.49760987995628624958044383675,25.13421491338531765791231009644],[121.49756815499773665578686632216,25.13436778878304878048766113352],[121.49752374650705633030156604946,25.13458123587428616474426235072],[121.4975137936607723077031550929,25.13479198151614824041644169483],[121.49753183107169718368822941557,25.13507456400432715781789738685],[121.49757353338453924607165390626,25.13530873681936839147965656593],[121.49770198058421044606802752241,25.13565107966092782021405582782],[121.49793665941550102616020012647,25.13605525865340695190752740018],[121.49823723763870475522708147764,25.13637677524677727092239365447],[121.49856102784706024522165535018,25.13662519391376548583139083348],[121.49880227397180476600624388084,25.13676003549193893604751792736],[121.49905000812933053566666785628,25.13687387859067712270189076662],[121.49918649460194330913509475067,25.1369149834471770077470864635],[121.49932967292002672365924809128,25.13695589865406887497556454036],[121.49960647301216454252426046878,25.13701855019820285974674334284],[121.50025056596972206079954048619,25.13705451434315207848158024717],[121.50087782174581718663830542937,25.13704703142374441426909470465],[121.50125627900993663388362620026,25.13705171593636578108998946846],[121.50131820405709959231899119914,25.13704739531914711392346362118],[121.50235866713754262491420377046,25.13704667265361436534476524685],[121.50317371353490614183101570234,25.13704640101339293778437422588],[121.50388829166686832650157157332,25.13705081901109039677066903096]]}},
{"type":"Feature","properties":{"Layer":"o","PaperSpace":null,"SubClasses":"AcDbEntity:AcDbPolyline","Linetype":null,"EntityHandle":"2BE","Text":null},"geometry":{"type":"LineString","coordinates":[[121.5045807787826532830877113156,25.0643324528606292744825623231],[121.50428228397662167026282986626,25.06431865250934976074859150685],[121.50375975388377014496654737741,25.06439008508003851716239296366],[121.50337065307516581924573983997,25.06446241506682781619019806385],[121.50303232423816268692462472245,25.06448623102874506685111555271],[121.50257282883852383292833110318,25.06443825037378303477453300729],[121.50179323450241497539536794648,25.06407668199502225547803391237],[121.50120569952812843439460266382,25.06387239415844447876224876381],[121.50007363402824012155178934336,25.06347104846728157667712366674],[121.49942894095600820492109050974,25.06323961510256026485876645893],[121.49785451163396032825403381139,25.06268801031567150516821129713],[121.49739810739139045381307369098,25.06252918866269752129483094905],[121.49647432699725868587847799063,25.06219620049310847775814181659],[121.49613123121098112733307061717,25.06209428326472021808513090946],[121.49587783559367437646869802848,25.06203566017806494414799090009],[121.49556849343062481239030603319,25.06198118083795733923579973634],[121.49507074920877869317337172106,25.06191101358665918041879194789],[121.49409183751917851168400375172,25.06175281659657372301808209158],[121.49318050101362587156472727656,25.06162059499864014355807739776],[121.49301820960729969556268770248,25.06158225983719844975894375239],[121.49277268341909064020001096651,25.0614927939856464433887595078],[121.4925749512743919922286295332,25.06137509077587921524354896974],[121.49208697873210383022524183616,25.06099682530087591203482588753],[121.49154732838476888900913763791,25.0606415548088179434671474155],[121.4898124872609770363851566799,25.05946868920539927216850628611],[121.48890504583977190122823230922,25.0588572632657218264284892939],[121.48793347140201603906461969018,25.0582031746551336937045562081],[121.48695773012997278783586807549,25.05753672770885742693280917592],[121.48644308078914377801993396133,25.0572112086485674353752983734],[121.48631484872484520565194543451,25.05713517663434330984273401555],[121.48610066437805699024465866387,25.05702568019371412333384796511],[121.48591717646614540626615053043,25.05693161062078289091914484743],[121.48568887243864367064816178754,25.05683573056250423860547016375],[121.48514246230833180106856161729,25.0565819237107731964897539001],[121.48474846999855003559787292033,25.05643102306153124914089858066],[121.4839765526018027230747975409,25.05625685343763819901141687296],[121.48288727641508444321516435593,25.05606067639553558024090307299],[121.48200813096990202666347613558,25.0559003126749786360960570164],[121.48178180845333429260790580884,25.05583410641995811829474405386],[121.48154154742267962774349143729,25.05576591532463481826198403724],[121.48118481884128527781285811216,25.05562078858699592842640413437],[121.4809524385626673392835073173,25.05551164980266776183270849288],[121.48076434222254249561956385151,25.05533135006141876033325388562],[121.48065452122550311742088524625,25.05512426274931314651439606678],[121.48062196783180866077600512654,25.05483455122831770722768851556],[121.48051961996165459822805132717,25.05405659691123787524702493101],[121.48036041971231213665305403993,25.05251213127079523701468133368],[121.48010153247896880657208384946,25.05120695503368111189956835005],[121.48006270618770940927788615227,25.05106606449067996322810358834],[121.47984087887019200024951715022,25.05081918509450389365156297572],[121.4795694684878384350668056868,25.05056166783877458215101796668],[121.47921311356279261417512316257,25.05021249616371292745498067234],[121.47883168969372036372078582644,25.04986883710542144854116486385],[121.47839280200773259821289684623,25.04966435119972345546557335183],[121.47761916352720845679868943989,25.049300123459119049584842287],[121.47635148341957744833052856848,25.04870623922665728855463385116],[121.47557556903220188360137399286,25.04838629245672265710709325504],[121.47517452254358261143352137879,25.04824377277632407867713482119],[121.47439761173932026849797694013,25.04806814513647239550664380658],[121.47390157727828352562937652692,25.04793221587926765892007097136],[121.47300687414164599431387614459,25.0476678350427022223811945878],[121.47204646410258987998531665653,25.04739406748552710268995724618],[121.47131218409064956631482345983,25.04716414247685563054801605176],[121.47086991085173224291793303564,25.04702595030215661608963273466],[121.47039567301085583039821358398,25.04687576621626021733391098678],[121.46939921079582802576624089852,25.0465456180595431590063526528],[121.46908488654838720322004519403,25.04640635320882324776903260499],[121.46883876024540427351894322783,25.04629864749486500841157976538],[121.46849216567696316815272439271,25.04609019084118415321427164599],[121.46812944727102490105608012527,25.04580469461491532001673476771],[121.46740730542884989517915528268,25.04513591830780683267221320421],[121.46674688482123372068599564955,25.04451053109509217620143317617],[121.46575242676308903355675283819,25.04358936040942751333204796538],[121.46541310150905701448209583759,25.0432680461741128397079592105],[121.46519275749398047992144711316,25.04308601526452093821717426181],[121.46493676892802682232286315411,25.04291227805260788841223984491],[121.46439752620581487008166732267,25.04257076820355010227103775833],[121.46354287223576307042094413191,25.04206038152324254042468965054],[121.46246326582233621138584567234,25.04141594381613344921788666397],[121.46128032644477912072034087032,25.04073235060765867387999605853],[121.46043450435192312397703062743,25.04021997634950835731615370605],[121.4589548591897170126685523428,25.0393159107019833697904687142],[121.45818382498070775454834802076,25.03884709454275281359514337964],[121.45686001716072155431902501732,25.03806002123471330378379207104],[121.45627236895731471122417133301,25.03773689720592443563873530366],[121.45597277582807294038502732292,25.03763675494953488964711141307],[121.45552412778546624849695945159,25.03755178041329187976771208923],[121.45490962161673564878583420068,25.03749964461291810380316746887],[121.45397080438540626801113830879,25.037425221283722720500009018],[121.45364622157272549429762875661,25.03738219022663358259706001263],[121.45270682687242924657766707242,25.03720645470022887479899509344],[121.45233384990142155857029138133,25.03713429329089024122367845848],[121.45155843372249648837168933824,25.03698418429204153312639391515],[121.45065256618715920922113582492,25.03679915869421890306512068491],[121.44907574772905434201675234362,25.03644968622484867637467687018],[121.44811892705560296690237009898,25.03625997144888870593604224268],[121.4472652581795131254693842493,25.03607874060168114738189615309],[121.44374560788766359564760932699,25.03536994696200679300090996549],[121.44078938607437123664567479864,25.03478294583635133108145964798],[121.43412784073396437634073663503,25.03371375378383234533430368174],[121.43291523530710662726050941274,25.03352385523990264459825993981],[121.43247763843406517025869106874,25.03342300165546063794863584917],[121.43174445674523553861945401877,25.0331970156638412561278528301],[121.42233966238585196606436511502,25.03033813253544082044754759409],[121.42140155849843097257689805701,25.0300520661467054139848187333],[121.42007484068804501475824508816,25.0296663017491418656845780788],[121.41780663343726587299897801131,25.02902054212442806147009832785],[121.41753770277428259305452229455,25.0289175149257978603145602392],[121.41730054422367857114295475185,25.02877108934585947963569196872],[121.41708817154392363590886816382,25.02859742419562394388776738197],[121.416923083376431691249308642,25.02841131381321559956631972454],[121.4168036039289972904953174293,25.0282667805417382567156892037],[121.41662458857041428927914239466,25.0279709625972124342752067605],[121.41610714246839108909625792876,25.02687248100328076816367683932],[121.4158225861763753528066445142,25.02631322290443804945425654296],[121.41562992669969389680773019791,25.02604788746907971130895020906],[121.41552478206845933073054766282,25.02593494159813758415111806244],[121.41537990531234925128956092522,25.02581323367469323670775338542],[121.41528652519457409653114154935,25.02580141427709037316162721254],[121.41253532748606858149287290871,25.02429755593423266191166476347],[121.41050348618165344305452890694,25.02331524230181614143475599121],[121.40981499605639726269146194682,25.02300182143338957985179149546],[121.40902761155163602779794018716,25.02294642698831239613355137408],[121.40865115844425758950819727033,25.0229097983083583756069856463],[121.40747000808799782589630922303,25.02285458337420465113609679975]]}},
{"type":"Feature","properties":{"Layer":"railways","PaperSpace":null,"SubClasses":"AcDbEntity:AcDbPolyline","Linetype":null,"EntityHandle":"2C0","Text":null},"geometry":{"type":"LineString","coordinates":[[121.5263970329214657795091625303,25.09287126231353326488715538289],[121.52602336525235671160771744326,25.09405887139470081592662609182]]}},
{"type":"Feature","properties":{"Layer":"railways","PaperSpace":null,"SubClasses":"AcDbEntity:AcDbPolyline","Linetype":null,"EntityHandle":"2C1","Text":null},"geometry":{"type":"LineString","coordinates":[[121.50720423131238590030989143997,25.12084927010687707138458790723],[121.50578562800963311474333750084,25.12112540051629494541884923819]]}},
{"type":"Feature","properties":{"Layer":"railways","PaperSpace":null,"SubClasses":"AcDbEntity:AcDbPolyline","Linetype":null,"EntityHandle":"2C3","Text":null},"geometry":{"type":"LineString","coordinates":[[121.5227375898645902907446725294,25.10212593849524864708655513823],[121.52254791963862601278378861025,25.10337945887873090100583794992]]}},
{"type":"Feature","properties":{"Layer":"railways","PaperSpace":null,"SubClasses":"AcDbEntity:AcDbPolyline","Linetype":null,"EntityHandle":"2C5","Text":null},"geometry":{"type":"LineString","coordinates":[[121.51616594850557362406107131392,25.11398023502758647396149171982],[121.51544659210158272344415308908,25.11505945051826316216647683177]]}},
{"type":"Feature","properties":{"Layer":"o","PaperSpace":null,"SubClasses":"AcDbEntity:AcDbPolyline","Linetype":null,"EntityHandle":"2C7","Text":null},"geometry":{"type":"LineString","coordinates":[[121.50868776023612838343979092315,24.9898922799312934728277468821],[121.50763655170503341196308610961,24.99040892320325468745068064891],[121.50632028494935354956396622583,24.99103422686630793236872705165],[121.50507014404414007913146633655,24.99164300945657046781889221165],[121.50408691832211616201675496995,24.99214169589801315396471181884],[121.50360951006383913863828638569,24.99233174567971360602314234711],[121.50341167601283132171374745667,24.99248687641203758857955108397],[121.50336688254300554490328067914,24.99262440134612006659153848886],[121.50337930378579187618015566841,24.99274307362834335322077095043],[121.50341415573232950464444002137,24.99290938499081349277730623726],[121.50377120135547670543019194156,24.99404850735191629951259528752],[121.50460427384078343493456486613,24.99685824263629996266899979673],[121.50489121926888458347093546763,24.99728038213880410012279753573],[121.50785878664765959911164827645,25.00054925368879565894530969672],[121.50858619364748847146984189749,25.0013382761431941503360576462],[121.50947891527314936865877825767,25.00232781035585460926995438058],[121.51196855353933301557844970375,25.00517362602114346259440935683],[121.51197094267531895184220047668,25.0070744631805439439631300047],[121.51277612680974016257096081972,25.00787834326848013688504579477],[121.51303879589826806295604910702,25.00884435205297151583181403112],[121.51330632251919894315506098792,25.00978554671203113457522704266],[121.51377885059919492505287053064,25.01135616713118992038289434277],[121.51423516425838045051932567731,25.01291568048460689510648080613],[121.5144887636882629067258676514,25.01375379888475336542796867434],[121.51477233488628826307831332088,25.01476813095233708850173570681],[121.5156409386933518135265330784,25.01762628401615273787683690898],[121.51610719387586811990331625566,25.01831497205161269903328502551],[121.51680089254409722343552857637,25.01891477493555981936879106797],[121.51839392542302675792598165572,25.0194027619137280282757274108],[121.52018431679043430904130218551,25.01957448033515873930809902959],[121.5221315305938247774975025095,25.02018934954008955173776485026],[121.52271169434746411752712447196,25.02036691012986224791347922292],[121.52326737794884081722557311878,25.02057352259415168305167753715],[121.52398285059143745456822216511,25.02086899412781662022098316811],[121.52429698234941213286219863221,25.02115625672451315608668664936],[121.52447850007325769183808006346,25.02157759963425931459823914338],[121.52424134152269630249065812677,25.02258121188398476419934013393],[121.52393785330907860497973160818,25.02364897218847517024187254719],[121.52389234649518812148016877472,25.02389959476466074761447089259],[121.52367371224096359583199955523,25.0244069943883857831679051742],[121.52364671840072674058319535106,25.02450903528354686500279058237],[121.52291182695108773259562440217,25.02555891117708597448654472828],[121.52241727579247765334002906457,25.02623130309311250130122061819],[121.52169942533679147800285136327,25.0272143167003306984952359926],[121.52148823024076307319774059579,25.02754848228368445006708498113],[121.52124918076255255527939880267,25.02786559017096834622861933894],[121.5208932334625018256701878272,25.0283718910016617087421764154],[121.52116963725246989724837476388,25.02942416537220893246740160976],[121.52180476245763429687940515578,25.0321544174508048286043049302],[121.52203076793249181264400249347,25.03261911442134035610251885373],[121.52223179504680672380345640704,25.0331006707660961296824098099],[121.52293892269767638936173170805,25.03428651514821723367276717909],[121.52326031244706427969504147768,25.03490680954008595904269895982],[121.52334355855180092476075515151,25.03503689014687338953990547452],[121.52344889567271479791088495404,25.03518628339095286605697765481],[121.52356458194201138667267514393,25.03529652260299087629391578957],[121.52364722793215889851126121357,25.03534496093557137896823405754],[121.5238502252344261478356202133,25.03542534092852633875736501068],[121.52518818670395717163046356291,25.03481199459707795540452934802],[121.52593862452212647440319415182,25.03440947141622885396827769],[121.52637264335265854242607019842,25.03423707612678583700471790507],[121.52682576394853697365761036053,25.03410933889903944304933247622],[121.52924291288347546924342168495,25.03380270642853844265118823387],[121.53128193291897218841768335551,25.03367920581289141068737080786],[121.53165321145209532005537766963,25.03367072655440139783422637265],[121.53190152307850269153277622536,25.03377789448977708275378972758],[121.53202019859864435602503363043,25.03405376480221278256976802368],[121.5320743561230472096212906763,25.03433630809146848150703590363],[121.53224562660466290253680199385,25.04102434722139491896086838096],[121.53243179804840679025801364332,25.04718109912757739721200778149],[121.53257270045975246830494143069,25.05107733266274294692266266793],[121.5327401551173949201256618835,25.05691726579950540099162026308],[121.53284491476942719145881710574,25.06026617441796844332202454098],[121.53277670550178868325019720942,25.06221378586047521253021841403],[121.53273159499018163387518143281,25.06231019506646617855949443765],[121.53263033412034133107226807624,25.06238749571712176589244336355],[121.53253894683642499785491963848,25.06244224155413746757403714582],[121.53243579503903504246409283951,25.06245703190067075638580718078],[121.526240221808180308471492026,25.06266068617498277149024943355],[121.52601838316768123604560969397,25.06266960959998257862935133744],[121.51888957490486120605055475608,25.06294821501225911219989939127],[121.51791093496539986062998650596,25.06306636288059408457229437772],[121.51710396180958184686460299417,25.06310775409618329945260484237],[121.51376291925136285954067716375,25.0633164587412125001719687134],[121.51227162280484606071695452556,25.06334008517594824638763384428],[121.51131958040342340154893463477,25.06333187977260479328833753243],[121.51050075215094636860158061609,25.06337544532968308885756414384],[121.50976596260747442102001514286,25.06347555630568635365307272878],[121.50867122877352244358917232603,25.06365403888018406064475129824],[121.5045807787826532830877113156,25.0643324528606292744825623231],[121.50396028278956350732187274843,25.06444266586663971452253463212],[121.50349192154392596876277821139,25.06470673871807264276867499575],[121.50308669689793816814926685765,25.06505099720818918740405933931],[121.50262072478837183098221430555,25.06545666599889088388408708852],[121.50214690589551480570662533864,25.06587847724335205157331074588],[121.50165861631144537113868864253,25.06633366170139609607758757193],[121.50124751507019027485512197018,25.06667250020101533891647704877],[121.50082913319160127230134094134,25.06707681490014039127345313318],[121.50026998477676443144446238875,25.06761153328385560712376900483],[121.49972205737523722746118437499,25.06811586488847254372558381874],[121.49918520378908226575731532648,25.06861189193197958502423716709],[121.49843030474049498934618895873,25.06926393526060792282805778086],[121.49691053115130046080594183877,25.07031533050940552698193641845],[121.49539793629303119359974516556,25.0713710345431195491983089596],[121.49409370580087852431461215019,25.07229352969527624850343272556],[121.49165654926706281457882141694,25.07399890157628874476358760148],[121.4903335114055096255469834432,25.074791784777204384226934053],[121.48831800907393585475801955909,25.07593988487005987053635180928],[121.48724250155747483859158819541,25.07653562670681779422920953948],[121.48602509521268189018883276731,25.07722343012244436977198347449],[121.48499509450998345982952741906,25.07781104845290087723697070032],[121.48384691649552280523494118825,25.07849072748765095752787601668],[121.4829197505484330577019136399,25.07902170920574391743684827816],[121.4820772234252785892749670893,25.07949352522623698291681648698],[121.4808158162149993586353957653,25.08021955419528481456836743746],[121.48026653006319008909486001357,25.08058305932007314709153433796],[121.47988559307965772404713789001,25.08080652231763352233429031912],[121.47945835667793801349034765735,25.0810472906782671032033249503],[121.47914402110740184070891700685,25.08121673840298626600997522473],[121.47883654722619439780828543007,25.08136543953570551934717514087],[121.47858117009791101281734881923,25.08147104286836182041042775381],[121.47819058598689423433825140819,25.08158898827455729474422696512],[121.47746384703923183678853092715,25.0817942361871644152415683493],[121.47674329040583529604191426188,25.08197115891431394629762507975],[121.47619975629713451326097128913,25.0820914574032443056239571888],[121.47594388096040063373948214576,25.08214799421674712220919900574],[121.47584320888242359615105669945,25.08217622159298088035939144902],[121.47577401452089418398827547207,25.08220850488396891364573093597],[121.47572731880048024777352111414,25.08226179588237414463947061449],[121.4756515458226289183585322462,25.0823892214210921736139425775],[121.47557209289593060930201318115,25.08261024039833841925428714603],[121.47526930670342437679209979251,25.08334959786792595082260959316],[121.47492572403152166771178599447,25.08419643877608606885587505531],[121.47482744108958740980597212911,25.08438463339475532620781450532],[121.47468994687712040558835724369,25.084559573167382495739730075],[121.47455444549851222291181329638,25.08470276845084967476395831909],[121.47448295258425332576734945178,25.08478265972732401678513269871],[121.47416751869049278411694103852,25.08504119207330518293019849807],[121.4732822815146420225573820062,25.08577665338903983638374484144],[121.47299861973326073893986176699,25.08603779862292526559031102806],[121.47269664879097206267033470795,25.08626675338097555822969297878],[121.47124774535527080843166913837,25.08746849092884900755962007679],[121.47093791630669556980137713253,25.08771908045461529468411754351],[121.46950684646947138389805331826,25.08891151819060993943821813446],[121.46862320582525285317387897521,25.08965444206975803353998344392],[121.46822713009828476060647517443,25.08998735557619497171799594071],[121.4679325190536616219105781056,25.09022549610665109298679453786],[121.46755604330049038708239095286,25.09049889620489182107121450827],[121.46717452884800536594411823899,25.0907241458840566394883353496],[121.465761281286148687286186032,25.09144604749536000554144266061],[121.46483870112155045717372559011,25.09189075949174707602651324123],[121.46351100954008472854184219614,25.09246243373246443297830410302],[121.46245181835064386177691631019,25.09315971487607654921703215223],[121.46202069818752988794585689902,25.093466198823985990884466446],[121.46124448940435058830189518631,25.09422514282150373787771968637],[121.46082670764045019495824817568,25.09464802905446845215919893235],[121.46045622171175182302249595523,25.09504259713670393239226541482],[121.46034788401721016271039843559,25.09523014957668607394225546159],[121.46029980690060767756222048774,25.09532617389471198521277983673],[121.46025509269122721889289095998,25.09540876530962449919570644852],[121.4602003350521215452317846939,25.09553779730050848684186348692],[121.46014975557031334574276115745,25.09571750463971895328540995251],[121.46014228244344224094675155357,25.09587060251301693369896383956],[121.46013641717100028927234234288,25.09611486348999420670224935748],[121.46019148052897662637406028807,25.09631097636968277697633311618],[121.46035855020740257259603822604,25.09664747603279622012451000046],[121.46057230428336026761826360598,25.09698280582161089569126488641],[121.46086711914044542481860844418,25.0973956695882414180687192129],[121.46141044943668418909510364756,25.09819625566997558507864596322],[121.46157673783359598473907681182,25.09841400076579276401389506646],[121.4617488801800533337882370688,25.09856854617749988278774253558],[121.46205853938477048359345644712,25.09876681354554150971125636715],[121.462307145407166331096959766,25.09888754156307655307500681374],[121.46253833677917555178282782435,25.09895426286494668488558090758],[121.46282618804083597296994412318,25.09902351168343415110939531587],[121.46323350742692070980410790071,25.0990222504703659467395482352],[121.46348023384467751384363509715,25.09899565220198525139494449832],[121.46424539145833421116549288854,25.09878638289467644995056616608],[121.46488779730084672792145283893,25.09863237608255204236229474191],[121.46611115950129544671654002741,25.09830499240316115105997596402],[121.46643694254343870397860882804,25.09822086486884629152882553171],[121.46677764919373032626026542857,25.09813079004997504739549185615],[121.46706340571527960037201410159,25.09802331438529776619361655321],[121.46734488217315117708494653925,25.09784659430756903475412400439],[121.4675384361604670857559540309,25.0977445221837349720317433821],[121.46773197882497186128603061661,25.09762910967569382592046167701],[121.46802580858809506025863811374,25.09746906698958923698228318244],[121.46824962873945707997336285189,25.09733129558081188292817387264],[121.46849048988478614319319603965,25.09718559261110470970379537903],[121.4686333511611593394263763912,25.09712724780029091675714880694],[121.46888873961245280952425673604,25.09704456526019455964160442818],[121.46913069908097781990363728255,25.09698668180921643511283036787]]}},
{"type":"Feature","properties":{"Layer":"o","PaperSpace":null,"SubClasses":"AcDbEntity:AcDbPolyline","Linetype":null,"EntityHandle":"2C8","Text":null},"geometry":{"type":"LineString","coordinates":[[121.46924420002687838859856128693,25.09734229802189275915225152858],[121.46894588638751599773968337104,25.09741145034087850262949359603],[121.46877236264487009975709952414,25.09747483993225714016261918005],[121.46860051469438701587932882831,25.09754129540358391636800661217],[121.46832181235181735701189609244,25.09767032001824205167395120952],[121.4677914241526792693548486568,25.09789590512578882908201194368],[121.46725706160891888885089429095,25.09808462725636957202368648723],[121.46679706800085796203347854316,25.09820481249408175017379107885],[121.46616493204641074044047854841,25.09836675117421123104577418417],[121.46508652586243215409922413528,25.09865031509968602563276363071],[121.46422279091082430113601731136,25.0988762777896816658085299423],[121.46373373136825080109701957554,25.09899366809805698608215607237],[121.46327681759440508812986081466,25.09908455745540578618602012284],[121.46311791174086636146967066452,25.09909546745495134700831840746],[121.46292137982570125132042448968,25.09909293990346412783765117638],[121.46278964897933860811463091522,25.09907580587142561512337124441],[121.46250339424933883947232970968,25.09901864627204659541348519269],[121.46233880429031160019803792238,25.0989741910660022483625652967],[121.46212553709996484485600376502,25.09887483200714441977652313653],[121.46188628380912177817663177848,25.09874021009470368426264030859],[121.46169979532365346130973193794,25.0985944165189316379382944433],[121.46152325968436969105823663995,25.0984160720365494512407167349],[121.46135340456778806128568248823,25.09822853473482240360681316815],[121.46102355659739657767204334959,25.09776056949198164147674106061],[121.46047971676981092059577349573,25.09699948384674783596892666537],[121.46025060881505908128019655123,25.09661051048800572971231304109],[121.46011529992600230798416305333,25.09632882856832480911180027761],[121.46005407689982291685737436637,25.09611964698480690572068851907],[121.46004232370934516893612453714,25.0958491459557819780457066372],[121.46006143679757371955929556862,25.0956994677790952152918180218],[121.46012048582323927803372498602,25.09554005319297331766392744612],[121.46017017079432775972236413509,25.09538108957818280941864941269],[121.4602703333409579045110149309,25.09518407284823382497052079998],[121.46080072154001072703977115452,25.09462719778493422495557751972],[121.46121869579346252976392861456,25.09420413715911735152985784225],[121.46199699931690929588512517512,25.09344311142216454868503205944],[121.46243071242857070046738954261,25.09313474063292304094829887617],[121.46349307403546902150992536917,25.09243548026387315985630266368],[121.46482306416966423512349138036,25.09186271893456421366863651201],[121.46574416103177895820408593863,25.09141881693401998631998139899],[121.46714294922537646925775334239,25.09070475469837546711460163351],[121.46753077054393088474171236157,25.09047229608336948558644508012],[121.46791559128882909135427325964,25.09020097246279235037036414724],[121.46820183469593246172735234722,25.08995841218471412048529600725],[121.4686067762689560822764178738,25.0896292876565141227729327511],[121.46949530841435205275047337636,25.08887040231665821465867338702],[121.47091470432162907400197582319,25.08769563818080072792326973286],[121.47122415971377051846502581611,25.08744532035749230658439046238],[121.4726831971624250172681058757,25.08624565405887452129718440119],[121.47297302993500522916292538866,25.08601210508641443652777525131],[121.47326396103071033394371625036,25.08576457314601526604747050442],[121.47414392172601083075278438628,25.08501811333686504212892032228],[121.47445745336933953240077244118,25.08476110893115063049663149286],[121.47452646656419972259755013511,25.08468401724643115358048817143],[121.47466236424502028512506512925,25.08454631860925587716337759048],[121.47479767313400600414752261713,25.0843661436439155920652410714],[121.47487882449864571299258386716,25.08418155363233026378111389931],[121.47523666272628872775385389104,25.08333850187294089550960052293],[121.47553913187704210940864868462,25.08259996474761521767504746094],[121.47561938873096210045332554728,25.08237686395442267439648276195],[121.47569904547026453656144440174,25.08224285971095568470445869025],[121.47574385026305776591470930725,25.08218415397164591240652953275],[121.47579670565171738871868001297,25.08214727635422036655654665083],[121.47593401869744411669671535492,25.0820929854255787461170257302],[121.47618512708504567854106426239,25.08205628724644498106499668211],[121.4767346283723981059665675275,25.08194067534766347193908586632],[121.47745936316319159686827333644,25.08177295662791195240970409941],[121.47818012360917805381177458912,25.08155904813980541234741394874],[121.4785683299071195051510585472,25.08144182057145599173964001238],[121.47882102350342847785213962197,25.08133739143932317006147059146],[121.47912678762378391184029169381,25.08118941326830864113617280964],[121.47943971915233873914985451847,25.08102069363015473868472327013],[121.47987143943011290048161754385,25.08077567439805122262441727798],[121.48024689612063298227440100163,25.08054590432687902534780732822],[121.48081115117209094478312181309,25.08020025364334060213877819479],[121.48207105243406545014295261353,25.07947603463838603943258931395],[121.48290619701367631932953372598,25.07900637732103987787013466004],[121.48383057752255353989312425256,25.07847107797660513028858986218],[121.48497110124340281345212133601,25.07778706073769825479757855646],[121.48600378547801881268242141232,25.07718799192170067158258461859],[121.48722666079292764607089338824,25.07650433159026448493023053743],[121.48831193998906030628859298304,25.07590859472908917382483195979],[121.49032197335046134867297951132,25.07476310957122578315647842828],[121.49162885340574291603843448684,25.0739757181995486234882264398],[121.49407489843146379371319198981,25.07226630000122469255074975081],[121.4953765133291483380162389949,25.07134623533575279452634276822],[121.49688404684241049835691228509,25.07028845421346119337613345124],[121.49840750038052306081226561219,25.06923787410664417052430508193],[121.49916061040781301016977522522,25.06859187160842239450175839011],[121.49969219883629989453766029328,25.06809629063532796067192975897],[121.50024766730231817746243905276,25.06759611279117549997863534372],[121.50081897653268470094189979136,25.06705715330119232930883299559],[121.50122292168882154328457545489,25.0666502231356354002400621539],[121.50163431732605090473953168839,25.06631111790527199900679988787],[121.502122097378702392234117724,25.06585638977961494333612790797],[121.50259633521956459389912197366,25.06543420922228548874954867642],[121.50306260172511940709227928892,25.06502826855699339603233966045],[121.50347052122594959655543789268,25.06468175867021841440873686224],[121.5039473406924486198477097787,25.06441290615960326704225735739],[121.50457431339565061989560490474,25.06430161104778520098079752643]]}},
{"type":"Feature","properties":{"Layer":"g","PaperSpace":null,"SubClasses":"AcDbEntity:AcDbPolyline","Linetype":null,"EntityHandle":"2C9","Text":null},"geometry":{"type":"LineString","coordinates":[[121.54115496397186291233083466068,24.97113223338202558920784213115],[121.54105947779099494709953432903,24.97103132343550768723616783973],[121.54080816559083189076773123816,24.97074745923703531502724217717],[121.54014247982564711492159403861,24.9700728647097314194525097264],[121.53931359682050583614909555763,24.96960072024494792231052997522],[121.53858826191505215774668613449,24.96918678465458185655734268948],[121.53777809569601231487467885017,24.96859865632388419953713309951],[121.53753755159237925909110344946,24.9685176885704471771987300599],[121.53729519582165607971546705812,24.96843618186775159983881167136],[121.53694700472155432180443312973,24.96839087354067387991563009564],[121.53679746292263530449417885393,24.96839402993238721251145761926],[121.53662124432514701766194775701,24.96840242131478859732851560693],[121.53634205509700905167846940458,24.96842679481312998746034281794],[121.53628789757270567406521877274,24.96843753680613176015867793467],[121.53612380582208629675733391196,24.96846623686117538909456925467],[121.53582661315174107130587799475,24.9685555087707236054939130554],[121.53565047381478336774307535961,24.96860966005096571507237968035],[121.53547882967677651322446763515,24.96866246150382906421327788848],[121.53531383209262628497526748106,24.96873954912079440759953286033],[121.53512506770033496650285087526,24.96886311502976596443659218494],[121.53416395564029528486571507528,24.96951434370951616870115685742],[121.53343104570161870014999294654,24.97001735402018951504032884259],[121.53304085789272903639357537031,24.97028650569960461780283367261],[121.53281822664797573452233336866,24.97037622792751321298965194728],[121.53265205148009897584415739402,24.97046052529342574644033447839],[121.53245400229371853129123337567,24.9705532241018275385613378603],[121.53242404184845781855983659625,24.97056720949344565951832919382],[121.53198437288114064358524046838,24.97080693682147156664541398641],[121.53145387145279698870581341907,24.97109730342008049319701967761],[121.53046687519868385152221890166,24.9714841447537487795216293307],[121.52880960739693705363606568426,24.97213391228358503326489881147]]}},
{"type":"Feature","properties":{"Layer":"g","PaperSpace":null,"SubClasses":"AcDbEntity:AcDbPolyline","Linetype":null,"EntityHandle":"2CA","Text":null},"geometry":{"type":"LineString","coordinates":[[121.54148144903506079117505578324,24.97320030964262826955746277235],[121.54151489693950338732975069433,24.97290426671085228349511453416],[121.54145593849723638868454145268,24.97192270716301720767660299316],[121.54120753628743045737792272121,24.97121463643840755253222596366],[121.54088462926679881093150470406,24.9707311284292075015400769189],[121.54013997746044140058074845001,24.97000300417440143974090460688],[121.53931100387197261625260580331,24.96953085944153372111031785607],[121.53858575954976117827754933387,24.96911692361616275093183503486],[121.53776314944212799673550762236,24.96856507544731229586432164069],[121.53754908964741332511039217934,24.9684747257531469699642912019],[121.537323978683190262017888017,24.96837958751506292287558608223],[121.53729260287302338383597088978,24.96836632040315251401807472575],[121.53695079789962107952305814251,24.96828770311246969981766596902],[121.53660641130051089930930174887,24.96829420579797798040999623481],[121.53636615026994149957317858934,24.96830900235730510416942706797],[121.53628609722838405104994308203,24.96831072169377918612553912681],[121.53578448056798322340910090134,24.9684372647919943233318917919],[121.53546129047437318604352185503,24.96854332460107528390835796017],[121.53496655814899440883891656995,24.96876590363123327165340015199],[121.53485443859941028676985297352,24.96883522084243622884969227016],[121.53458003896621164585667429492,24.96899949621563408186375454534],[121.53382752905368135998287471011,24.96952832921920517605940403882],[121.53286142358612664793326985091,24.9701840656431386378244496882],[121.53207546576916797675949055701,24.97063427263183044146899192128],[121.53153610981772203558648470789,24.97089259393589344426800380461],[121.53103838824171134547214023769,24.97103376124670504054847697262],[121.53062121791548122473614057526,24.97112329303714872708042094018],[121.53022791630378662830480607226,24.97122582982392557937600940932],[121.52974930781601869966834783554,24.97144235824996982842094439548],[121.5291632561442298765541636385,24.97179454074133531094048521481],[121.52847674752992190860823029652,24.97216171334370216072784387507]]}},
{"type":"Feature","properties":{"Layer":"p","PaperSpace":null,"SubClasses":"AcDbEntity:AcDbPolyline","Linetype":null,"EntityHandle":"2CB","Text":null},"geometry":{"type":"LineString","coordinates":[[121.51372082063630841730628162622,25.04890414111903496063860075083],[121.51077935258723528022528626025,25.04988507533047936703951563686],[121.50690723113177682535024359822,25.05065637828516500462683325168],[121.50412387633170396838977467269,25.05145076658200053998371004127],[121.50351034393415261547488626093,25.05178856404718956696342502255],[121.50287143687374680212087696418,25.05229358649803828029689611867],[121.50094771812831595525494776666,25.0534646282457202914883964695],[121.49979076485129780849092639983,25.05421958383984204488115210552],[121.49872103202373807562253205106,25.05475030150420323593607463408],[121.49749487306209516646049451083,25.05496072824990250182963791303],[121.49641140553309526239900151268,25.05485312749744153393294254784],[121.49544451878411166489968309179,25.05455430668545346861719735898],[121.49441431426888016176235396415,25.05374415212232008798309834674],[121.48876874053385677143523935229,25.04908111648136426197197579313],[121.4885690042323886927988496609,25.04891839455644841905268549453],[121.48789792875749071754398755729,25.04839070852796822919117403217],[121.48757234952780947878636652604,25.04820949047773837037311750464],[121.48684790913293340963718947023,25.04803224714829568142704374623],[121.48603157192269463848788291216,25.04826397593971520905142824631],[121.48532863375208989964448846877,25.04895077380558632285101339221],[121.48396260276490465912502259016,25.05170854867090213247138308361],[121.48226659925522596950031584129,25.05516845692818961310877057258],[121.48065980902904925642360467464,25.05839817382193857042693707626],[121.47921818623069611930986866355,25.06112733466310160679313412402],[121.47825957653593320628715446219,25.06291384451540693589777220041],[121.47712443120192915557709056884,25.06437214104168731410027248785],[121.47565343675024962522002169862,25.06567835144567268912396684755],[121.47426110262082943336281459779,25.06647372442913024315203074366],[121.47104971881469737127190455794,25.06813327504813670998373709153],[121.47021405338075794588803546503,25.06853009268470344750312506221],[121.46930024847880247307330137119,25.0687963259318102871020528255],[121.46827700755900991680391598493,25.06883267424300498760203481652],[121.46741297821144200952403480187,25.06861703547255615376343484968],[121.46684773806597945622343104333,25.06831661746871375839873508085],[121.46620654377582582128525245935,25.0678959889743708799869637005],[121.46550699115817906204028986394,25.06701539418790503077616449445],[121.46423395530953825982578564435,25.06528521181560265063126280438],[121.4635380713178278710984159261,25.06432235003951802809751825407],[121.46302919666599962056352524087,25.06367189584155141801602439955],[121.4621090056373589050053851679,25.06301008393365492565862950869],[121.46112250759162520807876717299,25.06271443697972856057276658248],[121.4599630632722124801148311235,25.06258708327922946068611054216],[121.4583794850311306845469516702,25.06244133895318881855018844362],[121.45679896397827235432487213984,25.06229576369167233451662468724],[121.45236839612897483675624243915,25.06184003087324185798934195191],[121.45071629157855852554348530248,25.06159497839375660532823530957],[121.45005737691934655231307260692,25.06148530644223271224291238468],[121.44815805906561934079945785925,25.06130113324394059759470110293],[121.44738074063624821974372025579,25.06119272263223862751146953087],[121.44649840212788660664955386892,25.06088399367046903876143915113],[121.44502262940407888436311623082,25.06005954162547055830145836808],[121.44359385811951312916789902374,25.05928477966043743663249188103],[121.44215991226067785646591801196,25.05840638468427172824704030063],[121.44133183318275825968157732859,25.05770620283327687616292678285],[121.44024726733064767358882818371,25.05624684739548513334739254788],[121.43894275376553082423924934119,25.05452228279988347026119299699],[121.43867272477926633200695505366,25.05418413898387797189570846967],[121.43531567161276996102969860658,25.04997833993961364740243880078],[121.42926804364915938094782177359,25.04226054588689365232312411536],[121.42602469524109665144351311028,25.03816655954508263448587968014],[121.42519321928739373106509447098,25.03722341785731231311729061417],[121.42348466998276990125305019319,25.03565466214284640500409295782],[121.42159232704757698684261413291,25.03436572115878178124148689676],[121.42023941932426112089160596952,25.033503372648432616642821813],[121.41941323117387696584046352655,25.03332890371420660358126042411],[121.41759833700862714067625347525,25.03325159499945584684610366821],[121.4162259312177525316656101495,25.03319016246736339326162124053],[121.41514982358650343030603835359,25.03289444359644022597422008403],[121.41361580576433709666162030771,25.03227548300505844736107974313],[121.41254985479193351238791365176,25.03153879769525858023371256422],[121.41185180812260568927740678191,25.03099643254615003229446301702],[121.41075738000742489930416923016,25.030489244838062035114489845],[121.40911722113715143223089398816,25.03014724385184663901782187168],[121.40545968033070778346882434562,25.03016673182926155050154193304],[121.4044312535137635222781682387,25.03027426703827273968272493221],[121.40156766450559189252089709044,25.03132805887992162752198055387],[121.39985134767816532530559925362,25.03198996488015026784523797687],[121.39830069648715493713098112494,25.03235802973115653458080487326],[121.39708510180956579915800830349,25.03282091516275542630864947569],[121.39529092858720105141401290894,25.03397979078766155680568772368],[121.3933673117480083192276651971,25.03525574780199036695194081403],[121.39215411752938678091595647857,25.03621270300629930716240778565],[121.39030498285529802160453982651,25.03783774211434831613587448373],[121.38951362400571554189809830859,25.03834661779929504632491443772],[121.38840675200187035898125031963,25.03870817487824496083703706972],[121.38735155780304353356768842787,25.03894082406392129769301391207],[121.38510027831709692236472619697,25.03942677198674005012435372919],[121.38450257536106846600887365639,25.03979698937428111094050109386],[121.38412534097228956397884758189,25.0403411262719721719349763589],[121.3840459673060081513540353626,25.04065188176453560231493611354],[121.38412393693029400765226455405,25.04188754048135123753127118107],[121.38417054206728096232836833224,25.04282226000383815289751510136],[121.3842997705484663129027467221,25.04541826167827167637369711883],[121.38443248648881933604570804164,25.04720130759515228646705509163],[121.38452039763654966009198687971,25.04814888095064517870014242362],[121.38458890129996348150598350912,25.04897286944543566278298385441],[121.38452419081461641781061189249,25.04929966698128041002746613231],[121.38438639088325032844295492396,25.0496398143042249273548804922],[121.38411875103312809187627863139,25.05000125602387228695988596883],[121.38370983511531164822372375056,25.0503636763015755661854200298]]}},
{"type":"Feature","properties":{"Layer":"r","PaperSpace":null,"SubClasses":"AcDbEntity:AcDbPolyline","Linetype":null,"EntityHandle":"2CD","Text":null},"geometry":{"type":"LineString","coordinates":[[121.49690185779486739647836657241,25.13451967478848558812387636863],[121.49670134021191358897340251133,25.13486859570331333202375390101]]}},
{"type":"Feature","properties":{"Layer":"railways","PaperSpace":null,"SubClasses":"AcDbEntity:AcDbPolyline","Linetype":null,"EntityHandle":"2CF","Text":null},"geometry":{"type":"LineString","coordinates":[[121.52598931723316866282402770594,25.09439736143085397657159774099],[121.52601936826175688111106865108,25.09431125215649061033218458761],[121.52657584446748728623788338155,25.09268533669049006107343302574],[121.52640807276803514014318352565,25.09259588843551824766109348275],[121.52633160909212506339827086776,25.09281364349942222702338767704],[121.526134375155947964231017977,25.09343679481490596572257345542],[121.52592688265455933560588164255,25.09409872938852714696622570045],[121.52585468771928844944341108203,25.09436282544097451818743138574],[121.52598931723316866282402770594,25.09439736143085397657159774099]]}},
{"type":"Feature","properties":{"Layer":"g","PaperSpace":null,"SubClasses":"AcDbEntity:AcDbPolyline","Linetype":null,"EntityHandle":"2D0","Text":null},"geometry":{"type":"LineString","coordinates":[[121.51759701834291149680211674422,25.03263643215937861441489076242],[121.51766192131789523500629002228,25.03257381949654458708209858742],[121.51828470454073283235629787669,25.03172942259929456554345961194],[121.51907813548470471687323879451,25.0306886227142797451961087063],[121.52051090375988451341981999576,25.02871227591123926004001987167],[121.52054435166432710957451490685,25.02866193692384655378191382624],[121.52079367103060292265581665561,25.02832849255035441160543996375],[121.52082274828812558098434237763,25.02828753588907773064420325682],[121.52142231952586826082551851869,25.02736957779424287195979559328],[121.52166048581634072434098925442,25.02701412265538749579718569294],[121.52250132582453545637690695003,25.02589443557302573140077583957],[121.5228879355907309900430846028,25.02542069466080221218362567015],[121.52368913405746297939913347363,25.02424704071552241657627746463],[121.52541153129270412591722561046,25.02240636831431785935819789302],[121.52700227694188583882350940257,25.02097392110797358100171550177],[121.52721973361248331002570921555,25.02076407218813614008467993699],[121.5276279588321273195106186904,25.02042609693604191534177516587],[121.52788323405417258982197381556,25.02018493245358143894918612204],[121.52871341919507131024147383869,25.01936967715560555802767339628],[121.53093791997616790467873215675,25.01717335563493094241493963636],[121.5314668135498834544705459848,25.01666656227159180048147391062],[121.53262247601414003383979434147,25.01555949899990238805003173184],[121.5328687042234747650581994094,25.01534052413245134971475636121],[121.53304443593532369050080887973,25.0151864226825431103407026967],[121.53333686165643712229211814702,25.01497041765127349322028749157],[121.53357105360221623868710594252,25.01465958172730097430758178234],[121.53382632882414782216073945165,25.01439441605791813572068349458],[121.53386235835429829421627800912,25.01436264846944368400727398694],[121.53435513181455007725162431598,25.01393164069547125905046414118],[121.53505527322396062572806840762,25.01299318157584394839432206936],[121.53556812222061012107587885112,25.01230601310476941989691113122],[121.53601269401220008603559108451,25.01157001343155528161332767922],[121.53619230948550011817133054137,25.01090908499297427169949514791],[121.53641523512624189606867730618,25.00969152300023168322695710231],[121.5365081283585624305487726815,25.00940513144065491246692545246],[121.5372149502905472218117211014,25.00797245045939476426610781346],[121.53769404566386924670950975269,25.00714195791028870985428511631],[121.53791150233446671791170956567,25.00663006936043331052132998593],[121.53795283099098867296561365947,25.00646340715382720532033999916],[121.5379930613242294157316791825,25.00630099299205610918761522043],[121.5379930613242294157316791825,25.00598987345563273265725001693],[121.53786520291633621582150226459,25.00512868525665766128440736793],[121.53769554028929178457474336028,25.0043101745279798819865391124],[121.53767195464780570546281524003,25.00421525385714005551562877372],[121.53757775927981299446400953457,25.00327644855680730984204274137],[121.53759748380571181769482791424,25.00304337773634344443962618243],[121.53767284915845436898962361738,25.00270354763013003207561268937],[121.53773128674644965485640568659,25.00246983948846590806169842836],[121.5379092264276295054514775984,25.00197399645237439358425035607],[121.53804053832608644825086230412,25.00154600325596376819703436922],[121.53884284643891078303568065166,24.99956629854258594036764407065],[121.539626630255355621557100676,24.99752240744872011646293685772],[121.53979260161058562061953125522,24.99710531782534772560211422388],[121.54003734651729473625891841948,24.99617593549749017256544902921],[121.54004341560219870643777539954,24.99534915517612532198654662352],[121.5400294657653290641974308528,24.99504658219553476783403311856],[121.54000220017491074031568132341,24.99428404284693527870331308804],[121.53979350744413068241556175053,24.99337810462799325250671245158],[121.53968368644709130421688314527,24.99302047291229200709494762123],[121.5390785103641917430650210008,24.99149608786773058000107994303],[121.53855320615605251077795401216,24.99015379872349029710676404648],[121.53839719897003135429258691147,24.98970592102545751345132885035],[121.53827781010591024823952466249,24.98879272905351811573382292408],[121.53851200205167515377979725599,24.98761907915999458396072441246],[121.53865745627655314820003695786,24.98689033645844048692197247874],[121.53889650575486314210138516501,24.98605618113841586591661325656],[121.5392076595849175646435469389,24.98536732251759318046424596105],[121.53951054768377559867076342925,24.98456790340271993500209646299],[121.53966914781832997505262028426,24.98405475079260185111706960015],[121.53987665164257236938283313066,24.98336903696619870629547222052],[121.53993160177138577182631706819,24.98284676024914929826081788633],[121.54020401989362198946764692664,24.98155094772151585402752971277],[121.5403526558589106798535794951,24.98097370664167371501207526308],[121.54062219795964949753397377208,24.97999691226965168766582792159],[121.54079085284679706546739907935,24.97941758035048920305598585401],[121.54091959444242831978044705465,24.97895197387283872103580506518],[121.54111194820033858832175610587,24.97834466288944099687796551734],[121.54128061441041097623383393511,24.97776451747074943909865396563],[121.54135060137635093724384205416,24.97735827651267470628226874396],[121.54141363606964887367212213576,24.97663109984586427003705466632],[121.54142926169870975172671023756,24.97591529145992694793676491827],[121.54144041477452731214725645259,24.9749200481735975643005076563],[121.54143464008549813115678261966,24.97319895475670037399140710477],[121.54134942379270967194315744564,24.97177749156406534325469692703],[121.54122166729106879756727721542,24.97136825927852754603009088896],[121.54115496397186291233083466068,24.97113223338202558920784213115],[121.54110628674055760711780749261,24.97092598941664931544437422417],[121.54103140827335494122962700203,24.97069438666975926821578468662],[121.54074972800292187002924038097,24.97001220634678730903033283539],[121.53977120129252398328389972448,24.96736235257855796021431160625],[121.53961965533682132445392198861,24.96691347830861218426434788853],[121.53947797164417465864971745759,24.96654494535027168922169948928],[121.53887967989629714793409220874,24.96513233580071045025761122815],[121.53827970103351674424629891291,24.96376918257099219999872730114],[121.53793272148587334413605276495,24.96292927081283608004014240578],[121.53753245627856927058019209653,24.96206544050414777302648872137],[121.53723048533619532918237382546,24.96145018810163662692502839491],[121.53713618806196450350398663431,24.96121794133799554060715308879],[121.53694551009614599479391472414,24.96074846781307243759329139721],[121.53683231486904503526602638885,24.9604872303866258675952849444],[121.53663149156740530543174827471,24.95998255405784505001065554097],[121.53617856346119197041844017804,24.95899241215889219347445759922],[121.53601547945046945642388891429,24.95852744697101144311091047712],[121.53578658663107603388198185712,24.957829595539134714954343508]]}},
{"type":"Feature","properties":{"Layer":"g","PaperSpace":null,"SubClasses":"AcDbEntity:AcDbPolyline","Linetype":null,"EntityHandle":"2D1","Text":null},"geometry":{"type":"LineString","coordinates":[[121.50819590393236069303384283558,25.04385727379510129253503691871],[121.50820427156997993733966723084,25.04379981657130116445841849782],[121.508225185002430634995107539,25.04364384792446429628398618661],[121.50823364322330633058300008997,25.04366396464939725774456746876],[121.50837762546869669222360244021,25.04425021031694598150352248922],[121.50848057345362462910998146981,25.04462166978791870519671647344],[121.50895490187778591462119948119,25.04618047833301019977625401225],[121.50916529304662105914758285508,25.04685826071317222840661997907],[121.50927470641855165922606829554,25.04718109912757739721200778149],[121.50936182496178616929682902992,25.04750691153489228213402384426],[121.50959739830372541291581001133,25.04881051153476434478761802893],[121.50976455856547886469343211502,25.04962962307967089259364001919],[121.50985447386987914342171279714,25.05012573008709608757271780632],[121.50993263598380167422874365002,25.05049734614063083881774218753],[121.50987886343865795879537472501,25.05208874048881995122428634204],[121.50987329256223290485650068149,25.05219761049233540006753173657],[121.51127488883982152856333414093,25.05223179935650534844171488658],[121.51178336718953687523026019335,25.05254947427683021032862598076],[121.51350654570620690719806589186,25.05361092689919644271867582574],[121.51383461597816904031787998974,25.05394421022259621167904697359],[121.51388310071980924931267509237,25.05402611152566549890252645127],[121.51397162330511036998359486461,25.0541219014642102536072343355],[121.51427570031046343501657247543,25.05413804167938351952216180507],[121.51575633056673098053579451516,25.05368101684253190342133166268],[121.51752961300257993570994585752,25.0532604201645519026442343602],[121.52003886256542841692862566561,25.05266015434596127420263655949],[121.52188001458121391351596685126,25.05227292753196266517079493497],[121.52212266474785451464413199574,25.05226887061939677892041800078],[121.52219216482824037939280970022,25.05226770124381374671429512091],[121.52291481620181912148837000132,25.05225543305721913611705531366],[121.52472402626150937976490240544,25.05215008149294320105582301039],[121.52531405227800576085428474471,25.05212491424687826224726450164],[121.52643455707693931344692828134,25.05208955084676247793140646536],[121.52769775330850166028540115803,25.05205771608467202327119593974],[121.52952975640523902711720438674,25.05201784440544088283786550164],[121.53126450694571758504025638103,25.05196914082905124132594210096],[121.53221546234682648446323582903,25.0519574162710441100898606237],[121.53304552293560902853641891852,25.051956600783377382413164014],[121.53379725156665358554164413363,25.05195397993930939151141501497],[121.53485563882884434860898181796,25.05191447237505641965071845334],[121.5384439852736733200799790211,25.05183807805493145792752329726],[121.54094915858549086351558798924,25.05177953725265993512039131019],[121.5430232117341660114107071422,25.05171324158109058544141589664],[121.54406826059697266373405000195,25.05166904102755509597955096979],[121.54637379951367393005057238042,25.05158345049284207561868242919],[121.54830776550126358870329568163,25.05152093982247052394995989744],[121.54955224494671028878656215966,25.05147971394612227413745131344],[121.55033342449162603315926389769,25.05146970751398427523781720083],[121.55112805566503197951533365995,25.05144355025541358372720424086],[121.55514424994919409073190763593,25.05131149704543247480614809319],[121.55744978886586693533899961039,25.05123094795383664745713758748],[121.55881264943555208901670994237,25.05118368528168915077003475744],[121.56180829765487771965126739815,25.05111847148332770984779926948],[121.56343011339544091242714785039,25.05109068829183271986948966514],[121.56397822196363733837642939761,25.05108058950792582209032843821],[121.56510042520055492332176072523,25.05106010984858500023619853891],[121.56578962866969106926262611523,25.05100978003266476434873766266],[121.56738366928850325621169758961,25.05090956142393210370755696204],[121.56980700053748023492516949773,25.05082333437526642683224054053],[121.57072947879596824805048527196,25.05037251855925362065136141609],[121.57209899724233537199324928224,25.04950478435686278544380911626],[121.57443690838603345127921784297,25.04955854606070886347879422829],[121.57815200359274854235991369933,25.04959029940860304463967622723],[121.57976795406098347029910655692,25.04997798091407190668178373016],[121.5821394263383012912527192384,25.05093139513700961629183439072]]}},
{"type":"Feature","properties":{"Layer":"railways","PaperSpace":null,"SubClasses":"AcDbEntity:AcDbPolyline","Linetype":null,"EntityHandle":"2D2","Text":null},"geometry":{"type":"LineString","coordinates":[[121.50820516608055754659289959818,25.04359982911301329977504792623],[121.50819631155745526029932079837,25.0438550118213427708724339027]]}},
{"type":"Feature","properties":{"Layer":"g","PaperSpace":null,"SubClasses":"AcDbEntity:AcDbPolyline","Linetype":null,"EntityHandle":"2D3","Text":null},"geometry":{"type":"LineString","coordinates":[[121.51753867133821529478154843673,25.03284833828820765688760729972],[121.51759701834291149680211674422,25.03263643215937861441489076242],[121.51698269334092117333057103679,25.03340784360231552341247152071],[121.5163174944612904937457642518,25.03431186559119225876202108338],[121.51602854487640570368967019022,25.03471276301715420231630560011],[121.5159779653946969801836530678,25.03477834461049766900941904169],[121.51562749838778643152181757614,25.03485474955908429706141760107],[121.51460814122945919280027737841,25.03500189114707197290954354685],[121.51424562663608242019108729437,25.03504573350974382606182189193],[121.51203805361963361519883619621,25.03531302949428649640140065458],[121.51086636922418904305231990293,25.0355965598840555230708559975],[121.51008496322090479679900454357,25.03578375195737137914875347633],[121.50977263180712384382786694914,25.03585059484182551159392460249],[121.50928904123465201791987055913,25.03596832255931659005909750704],[121.507542061941066435792890843,25.03679140290914517663622973487],[121.50723161013200979141402058303,25.03696460506687770930511760525],[121.50680428314693415359215578064,25.03728936230057300349471915979],[121.50651533356207778524549212307,25.03770405334525506191312160809],[121.50645888880802658604807220399,25.03784803177838114152109483257],[121.50662903832052563757315510884,25.03850448080809698581106204074],[121.50734324279616771491419058293,25.0409237665280350881857884815],[121.50798184413761759969929698855,25.04292166454619561477556999307],[121.50820516608055754659289959818,25.04359982911301329977504792623],[121.5082344471506274885541643016,25.04367388965142282586384681053],[121.5083483443986835936811985448,25.04425642687773034822384943254],[121.50845149619610197078145574778,25.04462852234571457188394560944],[121.5089260171099283525109058246,25.04618778729311401320956065319],[121.50913630637244011722941650078,25.04686556963288168731196492445],[121.50914855777143941395479487255,25.04689029172995162753068143502],[121.50924911662031036030384711921,25.04718732579789630676714295987],[121.50933683527830453385831788182,25.0475144922549937120948015945],[121.50955109888550964569731149822,25.04884054686687377966336498503],[121.50966310520607294165529310703,25.04946049581473133116560347844],[121.5097043319561720409183180891,25.04964902076957500298703962471],[121.50981453793252740069874562323,25.05015441105981466307639493607],[121.50988932581640256103128194809,25.05050997865603434888726042118],[121.50988852188906719220540253446,25.05055111253809840832218469586],[121.50983515696908909831108758226,25.05208685307282934218164882623],[121.50985488149498792154190596193,25.05223693845587007444919436239],[121.51127965578896805709518957883,25.05225975666993321055997512303],[121.51265236729869911869172938168,25.05312692771785521017591236159],[121.51347279208287943674804409966,25.05365711672001083343275240622],[121.5138021644906274332242901437,25.05396756663959934030572185293],[121.51391865468733044508553575724,25.05412289131539438358231564052],[121.51398147424517048875713953748,25.05415689500718556814717885572],[121.51426872539204282475111540407,25.05416663452438896797502820846],[121.51576738173633884798618964851,25.05371907752159899018806754611],[121.5175407434324910127543262206,25.05329848610302079237044381443],[121.52005000431834957907994976267,25.05269821534200147539195313584],[121.52188521180127622756117489189,25.05231072707747941308298322838],[121.52291551822283111050637671724,25.05229330954071897963331139181],[121.52295424260785239312099292874,25.05228781142496075062808813527],[121.52472632481415359961829381064,25.05218588595615969438767933752],[121.52531575071596137149754213169,25.05216063152709438099918770604],[121.5264359611190201349018025212,25.05212536045651106064724444877],[121.52769876104837010188930435106,25.05209352570370739954341843259],[121.5295308547284491851314669475,25.0520535617168427222622995032],[121.53126568452934463948622578755,25.05200495047398945303029904608]]}},
{"type":"Feature","properties":{"Layer":"r","PaperSpace":null,"SubClasses":"AcDbEntity:AcDbPolyline","Linetype":null,"EntityHandle":"2D4","Text":null},"geometry":{"type":"LineString","coordinates":[[121.50104848078973418523673899472,25.12810221112980357816013565753],[121.50083361706776940991403535008,25.1288570600332867854831420118],[121.50063807024658046884724171832,25.12952699356203822844690876082],[121.50043844717436058999737724662,25.12995562136261540331361175049],[121.50019968076902898701519006863,25.13036134662338128009650972672],[121.50001131267895004839374450967,25.13059003387717638133835862391],[121.49958566148595195954840164632,25.13119371040412630691207596101],[121.49895940212677203362545697019,25.13198550531342334579676389694],[121.49837503757004242288530804217,25.13270590244411906155619362835],[121.49800297775551882750733057037,25.13315668666533042596711311489],[121.49756616216377835826278897002,25.13367940463657390637308708392],[121.49690185779486739647836657241,25.13451967478848558812387636863],[121.49653995463916089647682383657,25.13494575825761856435747176874],[121.49634380770322650278103537858,25.13513847222876052001083735377],[121.49613341653450504509237362072,25.13530080788660470147988235112],[121.49571116221743238838826073334,25.13564946005157096919901960064],[121.49425072072672548983973683789,25.13682313303739590537588810548],[121.49386022719902200606156839058,25.13706126947137065030801750254],[121.49164797781695313005911884829,25.1381441711469477695573004894],[121.49108722154754502753348788247,25.13830298689803299794220947661],[121.49053055285209268276958027855,25.1383838323235089262652763864],[121.48993903221017376381496433169,25.13839636351341155773297941778],[121.48893132633602931491623166949,25.13832704987258637174818431959],[121.48744420804686683368345256895,25.13810531668592318510491168126],[121.4858308505272646016237558797,25.13783419103009109107915719505],[121.48408775499503065020689973608,25.13753719242792783461482031271],[121.48383197024165269795048516244,25.13748049671288598005958192516],[121.48363891446278728381003020331,25.13742154585197852156852604821],[121.48337586039504287782619940117,25.13733718385060811328912677709],[121.48298088299129915412777336314,25.13718836626793162736248632427],[121.4792611114187792509255814366,25.13565901882164510539041657466],[121.47906904073396106014115503058,25.13556517883150576153639121912],[121.47890535660846467180817853659,25.13548396763978232115732680541],[121.47867407465304268043837510049,25.13533344105391265088655927684],[121.47717709410092368216282920912,25.13420508798106212111633794848],[121.4758801555690155282718478702,25.1332022057845385631935641868],[121.47421512024440914956358028576,25.13189428163297378659990499727],[121.47352670937964091990579618141,25.13135181762072534183971583843],[121.47272790004890907766821328551,25.13074363651510978456826705951],[121.47150283941057580250344472006,25.12992768179539737616323691327],[121.4711198076869465012350701727,25.12968456987406540292795398273],[121.47088851440861390074132941663,25.12953385161868169461740762927],[121.47060406002282206827658228576,25.12931931420229503260088677052],[121.46839679272525813757965806872,25.12759524102104435883120459039],[121.46821040614604214624705491588,25.12743785679005270594643661752],[121.46803067744346549261535983533,25.12724079945288124804392282385],[121.46721564236898416311305481941,25.12615149643275458402058575302],[121.46679955904313885639567160979,25.12558980579088441231760953087],[121.46664115139822115452261641622,25.12539852222271363757499784697],[121.46654087562235702080215560272,25.12527736418951818109235318843],[121.4662158965074212346735293977,25.12497321532423555368040979374],[121.46577183424720658422302221879,25.12468790816631880602471937891],[121.46532041208929797448945464566,25.12448129187518830462977348361],[121.46494424205499740310187917203,25.1243600509192859249196771998],[121.46478812163972804682998685166,25.12433345816319985033260309137],[121.46414363238004341383202699944,25.12428738727599863977957284078],[121.46388775704333795601996826008,25.12431046885416208169772289693],[121.46359224016516975552804069594,25.12435644234209419778380834032],[121.46356078509455755920498631895,25.12436301876889999107334006112],[121.46318382245576117384189274162,25.12448949317847990414520609193],[121.4628372392103301535826176405,25.12462823351760476953131728806],[121.46241149743399034832691540942,25.12489073101792413922339619603],[121.46207645224356497237749863416,25.12515620603618771156106959097],[121.46182156200083568364789243788,25.12543890308130656308094330598],[121.46149488444794428687600884587,25.12593559987717739545587392058],[121.46075062894381346723093884066,25.12726865249780416888825129718],[121.46000379181398898253974039108,25.12867262943465007651866471861],[121.45860678131886345454404363409,25.13121453544325589746222249232],[121.45846360300068056403688387945,25.13157085679696933766535948962],[121.45837210248754445274244062603,25.13185551744247803185317025054],[121.45833526903017229869874427095,25.13205716490583796485225320794],[121.45830987172158188514003995806,25.13228449585586687931026972365],[121.45830529726201518769812537357,25.13255662305019910718328901567],[121.45837400473808997958258260041,25.13306708862873151133499050047],[121.4584856034334450214373646304,25.13337067404469493681062886026],[121.45855133298168482269829837605,25.13354879326551127860511769541],[121.45945320352639384964277269319,25.13512621234901089906088600401],[121.45964316814820449508260935545,25.13559790418445416548820503522],[121.45973277773381937549856957048,25.13589238071288178844042704441],[121.45980427064806406178831821308,25.13637073762491525030782213435],[121.45980654655483021997497417033,25.13668350962157660433149430901],[121.45981332898369942085992079228,25.13763300925407051522597612347],[121.45979610682300631196994800121,25.13831740930765690222870034631],[121.45976413089807977030432084575,25.13959551812211756782744487282],[121.45978135305880130090372404084,25.14049515310740900986274937168],[121.45979839405275413355411728844,25.14282869027183764387700648513],[121.45979788452140724075434263796,25.1432624989114223978958762018],[121.45979340064525331399636343122,25.14778666547020335997331130784],[121.45967860888650591277837520465,25.15126818377280670802065287717],[121.45965252087974306505202548578,25.15162192013648834176819946151],[121.45963578560464668498752871528,25.15185021396705877805288764648],[121.45947081066630346413148799911,25.15369696047255132498321472667],[121.45934747010329601835110224783,25.15507728616015370448621979449],[121.45928931558836438853177241981,25.15562847940241297806096554268],[121.45928871547360472504806239158,25.15613686020704520274193782825],[121.45925974012240544652740936726,25.15644273013637999270031286869],[121.45919880016920444631978170946,25.15680213964702360840419714805],[121.45913578812172772813937626779,25.15708341056954111536470009014],[121.45893984499839746149518759921,25.15756754677990159052569651976],[121.45868236180706389859551563859,25.15800634032119731386956118513],[121.45833816769759039289056090638,25.15844423551614639222862024326],[121.45799774412037663751107174903,25.15875749413487838523906248156],[121.45755756562161309375369455665,25.159059760190842780502862297],[121.45710821555790914771932875738,25.15930290585297868233283224981],[121.4554251654682275329832918942,25.15991598189093636506186157931],[121.4548740789722245381199172698,25.16013263312506964552994759288],[121.45464356697529240136645967141,25.16021716897021676118129107635],[121.45433252637437249177310150117,25.16037910744870131907191534992],[121.45402885699412820486031705514,25.16057674158681933818115794566],[121.4537705698755303274083416909,25.16077852095611433469457551837],[121.45337340714827689680532785133,25.1612377641654667570492165396],[121.45312619384498020735918544233,25.16167879917594518701662309468],[121.45302591806920133876701584086,25.16196060202367235092424380127],[121.45281604775472317214735085145,25.16257673410865436380845494568],[121.45267784019824830465950071812,25.16294287924227290886847185902],[121.45254124049650101824227022007,25.16320413117327348118124064058],[121.45227131341655990581784863025,25.16361254372409916868491563946],[121.45217215860969872665009461343,25.16373149106668449803692055866],[121.45179748320082069312775274739,25.16411620265701998278018436395],[121.45065038086366371317126322538,25.16509675106204468875148450024],[121.45020990796901116937078768387,25.165440178643038393602182623],[121.44851211543804936354717938229,25.16674008801194872830819804221],[121.44824916327665675908065168187,25.16694140626960418671842489857],[121.44807513000257870317000197247,25.16708135375004218303729430772],[121.44781902820750474347732961178,25.1672873547962900886432180414],[121.44756125062025375882512889802,25.16749480046500764274242101237],[121.44698665774318158128153299913,25.16793797517222230908373603597],[121.44587481497764258620009059086,25.16879575883807618197351985145]]}},
{"type":"Feature","properties":{"Layer":"railways","PaperSpace":null,"SubClasses":"AcDbEntity:AcDbPolyline","Linetype":null,"EntityHandle":"2D5","Text":null},"geometry":{"type":"LineString","coordinates":[[121.52291182695108773259562440217,25.02555891117708597448654472828],[121.5226848250592439626416307874,25.02571823728623456872810493223]]}},
{"type":"Feature","properties":{"Layer":"r","PaperSpace":null,"SubClasses":"AcDbEntity:AcDbPolyline","Linetype":null,"EntityHandle":"2D6","Text":null},"geometry":{"type":"LineString","coordinates":[[121.45963022605111802931787678972,25.15092831895994862634324817918],[121.45965252087974306505202548578,25.15162192013648834176819946151]]}},
{"type":"Feature","properties":{"Layer":"railways","PaperSpace":null,"SubClasses":"AcDbEntity:AcDbPolyline","Linetype":null,"EntityHandle":"2D7","Text":null},"geometry":{"type":"LineString","coordinates":[[121.52664155136992008010565768927,25.09246225428195486983895534649],[121.52678224996859057682740967721,25.09150988624379152724941377528]]}},
{"type":"Feature","properties":{"Layer":"railways","PaperSpace":null,"SubClasses":"AcDbEntity:AcDbPolyline","Linetype":null,"EntityHandle":"2D8","Text":null},"geometry":{"type":"LineString","coordinates":[[121.52646901272125035120552638546,25.09242194969218786582132452168],[121.52686617544850378180854022503,25.09157543744187179868276871275]]}},
{"type":"Feature","properties":{"Layer":"r","PaperSpace":null,"SubClasses":"AcDbEntity:AcDbPolyline","Linetype":null,"EntityHandle":"2D9","Text":null},"geometry":{"type":"LineString","coordinates":[[121.45979788452140724075434263796,25.1432624989114223978958762018],[121.45973884681872334567742655054,25.14416020550379116116346267518]]}},
{"type":"Feature","properties":{"Layer":"br","PaperSpace":null,"SubClasses":"AcDbEntity:AcDbPolyline","Linetype":null,"EntityHandle":"2DA","Text":null},"geometry":{"type":"LineString","coordinates":[[121.54323390862168707826640456915,25.04174276149310784944646002259],[121.54322243850418772126431576908,25.04142117056685279408156930003],[121.54317852822214263142086565495,25.04022114584001101889043638948],[121.54317056820961795438051922247,25.04009792354189656293783627916],[121.54306323825485947054403368384,25.0375084775393439429080899572],[121.54301734646183774657401954755,25.0364392220404496924857085105],[121.54290990327785948466043919325,25.03341785663796059679953032173],[121.54292414751071760292688850313,25.03326539371862935468016075902],[121.5428990672438374076591571793,25.03220323149061954381977557205],[121.54276911409576200640003662556,25.02844983889074370608796016313],[121.54272851010622957801388110965,25.02666101598633119351688947063],[121.54271315622723648175451671705,25.02598483026946851737193355802],[121.54270699655893395174643956125,25.02553671385001976545936486218],[121.54270202579733961556485155597,25.02516744864421482930083584506],[121.54270947627831844783941050991,25.02498150747944194449701171834],[121.54271536419655319605226395652,25.0249185369416515811735735042],[121.54277389236789019832940539345,25.02484699416355695689162530471],[121.54281831218138165695563657209,25.02480783696642063773651898373],[121.54288212815612268968834541738,25.02476489382388180615635064896],[121.54294097336924096453003585339,25.02472808613688926016038749367],[121.54302709549557448553969152272,25.02471058773299006361412466504],[121.5432305117458469112534658052,25.02468108001131241735492949374],[121.54413525831216702499659731984,25.02461404636202502160813310184],[121.54518030717495946646522497758,25.02455531301513147468540410046],[121.54704886065619007240456994623,25.02441538707694945742332492955],[121.55147784329675175740703707561,25.02416033835050512834641267546],[121.55167170300285306439036503434,25.02413913599371397822324070148],[121.55182203740622526311199180782,25.02408905676140804530405148398],[121.5519363422793333029403584078,25.02401670808640332666072936263],[121.55204018477490990335354581475,25.0239273841156943944952217862],[121.55216514451538500907190609723,25.02382083857078498567716451362],[121.55225655444519361481070518494,25.02374541171786148652245174162],[121.55245897427859347317280480638,25.02354720247046060421780566685],[121.55261935211154877833905629814,25.02339229564426048568748228718],[121.55281848829824298263702075928,25.02318668828550585203629452735],[121.55415915594552700440544867888,25.02192422108034008942922810093],[121.55729049803319696820835815743,25.01892966287644526346412021667],[121.55859201102458655441296286881,25.0177554851410341996142960852],[121.55861719319770486436027567834,25.0177299568482318647966167191],[121.5589556239411592741817003116,25.01737221133125643746097921394],[121.55921996882167945841501932591,25.01708962898447197176210465841],[121.55937608923692039297748124227,25.0168688458428363219354650937],[121.5594789466383502940516336821,25.01665916433710279420665756334],[121.55955014515669176944356877357,25.01641032772767303526961768512],[121.55957053773488496517529711127,25.01618133480612371499773871619],[121.55956138881585104627447435632,25.01568888186264416617632377893],[121.55955182094886879440309712663,25.01465020333244027028740674723],[121.55955063204224586570489918813,25.01458821766518525464562117122],[121.55954028289376367411023238674,25.01304632823126183893691631965],[121.55953829005989064171444624662,25.01238522303987110717571340501],[121.55953927515388102165161399171,25.01230519222300685555637755897],[121.55954016966452968517842236906,25.01224807935993155183496128302],[121.55952274369136034692928660661,25.01171726502444414563797181472],[121.55947317194940637818945106119,25.01114656856183060540388396475],[121.55941671587235930473980261013,25.0105135174517059226673154626],[121.55931376788753084383642999455,25.00999055057969755466729111504],[121.55926269019728636067156912759,25.00979709572896680924714019056],[121.55913573762292401170270750299,25.00928847106862562554852047469],[121.5590840598179198650541366078,25.00906198914426070700756099541],[121.55890056058319714793469756842,25.00870205836538318067141517531],[121.55885526890484982232010224834,25.00861327223356767035511438735],[121.55870162820909285983361769468,25.00833806816643800630117766559],[121.55858116366755439230473712087,25.00812241536783275819288974162],[121.55819125893182786057877819985,25.0075831021400603049187338911],[121.55815611258942965378082590178,25.00753626902500315054567181505],[121.55797031480197745167970424518,25.00729580778810401398004614748],[121.55764236908213149490620708093,25.00689111642035555860275053419],[121.55729596700334127490350510925,25.0065092504425834363246394787],[121.55692049898995321655092993751,25.00616889119340413571990211494],[121.55688784368992116924346191809,25.00614714699899465699672873598],[121.55662349880937256330071249977,25.00593852464938038338004844263],[121.5564300467282521367451408878,25.00577628937102403483550006058],[121.55589418955899816410237690434,25.00480682393622089421114651486],[121.55584469707748951350367860869,25.00470729616522191918193129823],[121.55582607087477242657769238576,25.00461607000054087279750092421],[121.55585813738304068465367890894,25.00448009260730941605288535357],[121.55592653914021639138809405267,25.00429149825042074439807038289],[121.55596726768199289381300332025,25.00420433540986309139952936675],[121.55626636260276995926687959582,25.00328258509903633921567234211],[121.55627999539798622663511196151,25.00324162008232775633587152697],[121.55630270917461643875867594033,25.00317123964790511081446311437],[121.55634671004010272099549183622,25.00292976420944413007418916095],[121.55635476063594069273676723242,25.00272357870969841542319045402],[121.5563013051326208824320929125,25.00253904534424975736328633502],[121.55620592085800524273508926854,25.0023808641386970919029408833],[121.5559875696767591080060810782,25.00211133118683193288234178908],[121.55586301756139278040791396052,25.00192219957530426199809880927],[121.55580476114013777078071143478,25.00173090241057849425487802364],[121.55578017908176491346239345148,25.00154844046220503628319420386],[121.55581154356903539337508846074,25.00136689155512925708535476588],[121.55615305414654869764490285888,25.00004699425398868584125011694],[121.55625091814046356830658623949,24.9998454013207798141138482606],[121.55635944832465611398220062256,24.99970526250714542015884944703],[121.5564154061932669037560117431,24.99967449680304198977864871267],[121.55716394176099015567160677165,24.99917304449990140824411355425],[121.55763529225735908312344690785,24.99885793033096703652518044692],[121.55768596232249478816811461002,24.9988262613456555527591262944],[121.55778811770301217620726674795,24.99874956202595654985998407938],[121.55791447016258643998298794031,24.99861609750153945697093149647],[121.5580248912743854816653765738,24.99842677579049876612771186046],[121.55825051176996964841237058863,24.99782298859172158245200989768],[121.55837425995811429402237990871,24.99760046215146402914797363337],[121.55859082211803467998834094033,24.99733028245212196338798094075],[121.55873498553019373957795323804,24.99721233809021825322815857362],[121.55891451042009521188447251916,24.99711578536269129813263134565],[121.55937749327891594930406427011,24.99695371289304901551986404229],[121.55983478070915282387431943789,24.996894786725931680848589167],[121.56020646686738473363220691681,24.99685183382193898182777047623],[121.56058363331867155920917866752,24.99682566492073121366956911515],[121.56091220179908418685954529792,24.99684254129707738911747583188],[121.56119834329993523169832769781,24.99692438835417007680916867685],[121.56153925376268887248443206772,24.99706886102783798264681536239],[121.56201249518667850679776165634,24.99726990948435556560980330687],[121.56234862737737500992807326838,24.99741222667589823913658619858],[121.56289245588199321446154499426,24.99758159500230547678256698418],[121.56364676613871722565818345174,24.99775711530683253158713341691],[121.56407739941630552493734285235,24.9978424816998661128764069872],[121.56458627406813377547223353758,24.99795554577100986648474645335],[121.56554221155386130703845992684,24.99815173362309295157501765061],[121.5659546036080342901186668314,24.9982153438815224433255934855],[121.56643799036788777812034823,24.99822671952885144719402887858],[121.56648678082841286141047021374,24.99822617050124762272389489226],[121.5684057099787764855136629194,24.99828826191656361288551124744],[121.56845060535492564213200239465,24.99829195630603351219178875908],[121.56923072054546253184525994584,24.99831578511549778909284214024],[121.56973113697634403251868207008,24.99831370189072998755364096723],[121.57018356687407845129200723022,24.99827157045827519254999060649],[121.57066496080014417202619370073,24.99817031847411996636765252333],[121.57334676033445930443122051656,24.99762798550446518675016704947],[121.57356043514992904874816304073,24.99758998952430744111552485265],[121.57361896332126605102530447766,24.99758060469497777944525296334],[121.5762394492460600758931832388,24.99705080964964309941933606751],[121.57650141631356177640554960817,24.99700885224329027778367162682],[121.57679830326502212756167864427,24.99701597941042763295627082698],[121.57709481656009131711471127346,24.99707237586381580740635399707],[121.57739192996992017015145393088,24.99716839498656639761975384317],[121.5776361540223859947218443267,24.99730402642346049901789228898],[121.57770266485205468143249163404,24.99733561370290502168245438952],[121.57959123725505889979103812948,24.99844636116247897916764486581],[121.58170830617515889571222942322,24.99965111978854892527124320623],[121.58191121289408442862622905523,24.99977384906497945848968811333],[121.58237270112751104989001760259,24.99987427876295598139222420286],[121.58262907467276647821563528851,25.00000096896787482592117157765],[121.58306059113800756676937453449,25.00030299612445361390200559981]]}},
{"type":"Feature","properties":{"Layer":"br","PaperSpace":null,"SubClasses":"AcDbEntity:AcDbPolyline","Linetype":null,"EntityHandle":"2DB","Text":null},"geometry":{"type":"LineString","coordinates":[[121.54631794355138652008463395759,25.0649616210708359176351223141],[121.54588314343932609062903793529,25.0652746629113138965294638183],[121.54467879242086780777754029259,25.06627413807056825589825166389],[121.54458998676258829618745949119,25.06632364622561581768422911409],[121.54448016576554891798878088593,25.0663228410900451592624449404],[121.54437721778069203537597786635,25.06629208695859034605746273883],[121.54425344694675459322752431035,25.0662450044555917827437951928],[121.54416583019499853435263503343,25.06613633154900355748395668343],[121.54410409763747225042607169598,25.06600880191628988313823356293],[121.54408895889403652290639001876,25.06576520394865781327098375186],[121.54406497695035227479820605367,25.0649067789216850599132158095],[121.54404297651761623910715570673,25.06438016688368719542268081568],[121.54402225557471695083222584799,25.06391514411521015404105128255],[121.54400412758057825612922897562,25.06342044681588987486975383945],[121.5439084602329558038036338985,25.06109883575457786264450987801],[121.5439082564203943093161797151,25.06100340513410884568656911142],[121.54389640132359318158705718815,25.06052592782171117846701235976],[121.54387958678800885081727756187,25.06017489724168356701738957781],[121.54387768453759122166957240552,25.06011627323672641409757488873],[121.54376836174894549458258552477,25.0575347378043389312551880721],[121.54374307766958906995569122955,25.05682833505020923325901094358],[121.54369847668925785910687409341,25.05445183945396081526268972084],[121.54363774054870361851499183103,25.05290747111240889921646157745],[121.54363684603795547900517703965,25.05283143642833820763371477369],[121.54362298678438492061104625463,25.05217668993902435659038019367],[121.54358944829662902975542237982,25.05146736361868775588845892344],[121.54359003708849229496991029009,25.05139835460254715826522442512],[121.54351178439125646946195047349,25.04953726090125343262116075493],[121.54339240685004597253282554448,25.04655310651564548152236966416],[121.5433355544708575735057820566,25.04427564076744872068047698122],[121.54329133846982813338399864733,25.04323223910649431900310446508],[121.54326177432686506563186412677,25.04182304496649180691747460514],[121.54326237444163893997028935701,25.04174347959239810279541416094],[121.54324963615701449271000456065,25.04142514064038138599244120996],[121.54321777346137878339504823089,25.04024504858174893229261215311],[121.54321289328302668764081317931,25.04015475159043191411001316737],[121.54321338016855236219271318987,25.04009413295265318311066948809],[121.54312317046827729427604936063,25.037509559854889573671243852],[121.54307707486262302154500503093,25.03644021203440317435706674587],[121.54297661792007545500382548198,25.03342101135957875612803036347],[121.54293659139931094159692293033,25.0322619611771131076238816604],[121.54293909376460192106605973095,25.03220214912824559405635227449],[121.54280905003321322510601021349,25.02844893090969691229474847205],[121.54275727032185727694013621658,25.02673552792376909792437800206],[121.54275568511320670950226485729,25.02666047221573819570039631799],[121.54274035388006325320020550862,25.0259844660437842378541972721],[121.54273676451452956825960427523,25.0255871464585908370281686075],[121.54273477168077022270153975114,25.0255363496229854547436843859],[121.54272968768985663245985051617,25.02516772053281357557352748699],[121.54273705891051804428570903838,25.02498294900420106046112778131],[121.54274223348477335093775764108,25.024927647792946316940287943],[121.54279490770656479980971198529,25.02486341012092552205103856977],[121.54283632694642847127397544682,25.0248268794828270245034218533],[121.54289826331660151481628417969,25.02478518806441343258484266698],[121.54295231893469519945938372985,25.02475136603833760773341055028],[121.54303238329904957026883494109,25.02473511935570016362362366635],[121.54318689585966239974368363619,25.02471220368067506001352739986],[121.54323330850701267991098575294,25.02471148548169566083743120544],[121.54413776067745800446573412046,25.02464436463910502084218023811],[121.5451828095402504459343617782,25.02458563130673141472470888402],[121.5470513403755745684975408949,25.02444579261317159080135752447],[121.5514808212245867480305605568,25.02419065160962574623226828407],[121.55167966301539195228542666882,25.02416890547645067499615834095],[121.55183777626442065411538351327,25.02411622020740722405207634438],[121.5519578558266289292077999562,25.02404034209419236844951228704],[121.55206348734340338069159770384,25.02394930984251431027587386779],[121.55219032668851752987393410876,25.02384790973562544991182221565],[121.55227895118014203035272657871,25.02376382340514027191602508537],[121.55254886693708726852491963655,25.02349856966888097531409584917],[121.55264126196090046505560167134,25.02341114856855242010169604328],[121.55273117726537179805745836347,25.02332489705750617758894804865],[121.55277050176505326817277818918,25.02328087095505537718054256402],[121.55283044530128222504572477192,25.02322367598666019716802111361],[121.5541353438456866342676221393,25.02200091105846624373043596279],[121.55726649344362044757872354239,25.01900670871138032680391916074],[121.55856851596642798085667891428,25.01783199816367186940624378622],[121.55859459265029443031380651519,25.01780565417205437483971763868],[121.55864687056998718617251142859,25.01775269426683223628060659394],[121.55898530131325685488263843581,25.01739485647074090479691221844],[121.55925153712155406537931412458,25.01711047343716032287375128362],[121.55941053355824976733856601641,25.01688554503474293255749216769],[121.55951589332495643702714005485,25.01667071783791840289268293418],[121.55958837133316308154462603852,25.01641736142306982060290465597],[121.55960906963015588644339004532,25.01617727669986734895246627275],[121.55960529909799561210093088448,25.01569366336716981891186151188],[121.55960182296162486181856365874,25.01460201848273712244008493144],[121.55959702204378913847904186696,25.01304614866446129894939076621],[121.55959504053285513691662345082,25.01238504860260292161910911091],[121.55959373839708348441490670666,25.01224672490436162775040429551],[121.55957631242382888103747973219,25.01171464845119984943266899791],[121.55952653686931341781019000337,25.01114187923032616822638374288],[121.55945883713323496522207278758,25.01052128002802632522616477218],[121.55935638735682857713982230052,25.01001220687338388870557537302],[121.55930588713542306322779040784,25.00979330933438049555661564227],[121.55918830993850576760451076552,25.00927872285765474202889890876],[121.55913534132072584270645165816,25.00904682808259238413484126795],[121.55894924913738464056223165244,25.00868184868751598060043761507],[121.55890354983394274768215836957,25.0085922518958092553020833293],[121.55874952415885559275920968503,25.00831631922535791545669781044],[121.55862825569009544324217131361,25.00809931701795818526079528965],[121.55822779799323996030580019578,25.00756550893975216354192525614],[121.55801473461546891030593542382,25.0072696411113533088155236328],[121.55768646053094528269866714254,25.00686459050571386342198820785],[121.55733697861806774653814500198,25.00647929197076635432495095301],[121.55695913279151909591746516526,25.00613677258493439126141311135],[121.55665883764132217947917524725,25.00590306584388500255045073573],[121.55647315308308975545514840633,25.00574732609276651373875210993],[121.55594207418596397474175319076,25.00478643403857148541646893136],[121.55589557095518671303580049425,25.00469312994690795903807156719],[121.55588004723244921478908509016,25.00461670622376431083466741256],[121.55590931697960854762641247362,25.00449254001966181704119662754],[121.55597692613240212722303112969,25.00430630073986648653772135731],[121.55629762518370284851698670536,25.00333591040650560444191796705],[121.55634222616396300509222783148,25.00317873075095320700711454265],[121.556387030956756234445492737,25.00293337636490065278849215247],[121.55639529668806630979815963656,25.0027194329332331790283205919],[121.55633903310067012171202804893,25.00252560746649876932679035235],[121.55624016136685838773701107129,25.00236137688147408653094316833],[121.5560213233000865784561028704,25.00209130000744295330150634982],[121.55590055303977692346961703151,25.00190784832182444574755209032],[121.55584449326502749499923083931,25.00172377038598270360125752632],[121.55582089630054554163507418707,25.00154898434400152495982183609],[121.55585117378748805094801355153,25.00137383888563036293817276601],[121.55619148413555308252398390323,25.00005845182812080906842311379],[121.55628626829535221531841671094,24.99986326757133880960282112937],[121.55639251124989641539286822081,24.9997261150413834229766507633],[121.55718295294300901332462672144,24.99919605216913609524453931954],[121.55765421285603622436610748991,24.99888103554955520735347818118],[121.55781122778185476818180177361,24.9987713023985875793187005911],[121.55794224528432323495508171618,24.99863288127249916215077973902],[121.55805545183432059275219216943,24.99843859782311739081706036814],[121.5582812648195698557174182497,24.99783453873328653571661561728],[121.55840272577785299290553666651,24.99761606590249130022129975259],[121.55861569857228232649504207075,24.99735031440769361665843462106],[121.55875471005609256280877161771,24.99723652115772409842975321226],[121.5589291396321840466043795459,24.99714268282461304693242709618],[121.55938595149989112087496323511,24.99698286296580107546105864458],[121.55983926458530675063229864463,24.99692448071494865757813386153],[121.5602098524203427132306387648,24.99688160991978591596307524014],[121.56058402962088393906014971435,24.99685562574656927381511195563],[121.56090622329759298736462369561,24.99687222503638750481513852719],[121.56118629571346900775097310543,24.99695226590810293032518529799],[121.56152521334236382699600653723,24.99709593809016183740823180415],[121.56199835286003008150146342814,24.99729689414190048069031035993],[121.56233618348871061698446283117,24.99744001175879049014838528819],[121.56288279743158398105151718482,24.99761029338713669289973040577],[121.56363908919927041552000446245,24.99778617282888149020436685532],[121.56406981306018622035480802879,24.99787162643066551481751957908],[121.56457871035783568913757335395,24.99798469560611380302361794747],[121.56553573484393382386770099401,24.99818105786910393817379372194],[121.56595112747169196154573000968,24.99824521200876858983974670991],[121.56648519561964860713487723842,24.99826470504994446741875435691],[121.56844931454206459875422297046,24.99832616019001818585820728913],[121.56923010910779225923761259764,24.99835007109034634709132660646],[121.56973332229983952856855466962,24.99834791089976704370201332495],[121.57018972654240940300951479003,24.99830539977792298600434151012],[121.57067341902111934359709266573,24.99820370654703438617616484407],[121.57335511664911109619424678385,24.99766137372475327538268174976],[121.57362554193755954656808171421,24.99760677343542525363773165736],[121.57624531451838834072987083346,24.9970770708635505741312954342],[121.57650360163708569416485261172,24.99703565223679646578602842055],[121.57679482712865137727931141853,24.9970426921728474667361297179],[121.57708665273510462156991707161,24.99709819066339733240056375507],[121.5773788746436707697284873575,24.99719257806270888977451249957],[121.57768274783647655112872598693,24.99736313198409121127951948438],[121.57957151272907481143192853779,24.99847397155452455308477510698],[121.58168837783669857799395686015,24.99967864268222683676867745817],[121.58189626664021432134177302942,24.99980443515804395815393945668],[121.58235955521791993305669166148,24.99990504954807235549196775537],[121.58260896516753746254835277796,25.00002839942476384749170392752],[121.58303829630938253103522583842,25.00032898983072371379421383608],[121.58311247275548794277710840106,25.00039017199490487541879701894],[121.58344731413345130022207740694,25.00063037480613914453897450585],[121.58356400814268738486134679988,25.00073044976540259654029796366]]}},
{"type":"Feature","properties":{"Layer":"br","PaperSpace":null,"SubClasses":"AcDbEntity:AcDbPolyline","Linetype":null,"EntityHandle":"2DC","Text":null},"geometry":{"type":"LineString","coordinates":[[121.62152751556457985770975938067,25.05780433366972559383611951489],[121.62183796737365071294334484264,25.0573983677255149871143657947],[121.62200525218753455192199908197,25.05697760430171072698612988461],[121.62189453667993177532480331138,25.05675780071397440451619331725],[121.62164521731361332967935595661,25.05654719755057868724179570563],[121.62114361197613732201716629788,25.05630203704170710921061981935],[121.62031142267846917093265801668,25.05589985622171766976862272713],[121.61988001944234838447300717235,25.05557018882249309399412595667],[121.61968844696598068821913329884,25.05540459317703749775319010951],[121.61949439477011480903456686065,25.05520029088236810821399558336],[121.61902453889916841944796033204,25.05447105174583199982407677453],[121.61867924646651317743817344308,25.05427460514996340634752414189],[121.61834201595256388372945366427,25.05430617264105208619184850249],[121.61805565931626915698871016502,25.05434188928565575338325288612],[121.61761240098343250792822800577,25.05442153367294721988400851842],[121.6172453006076779047361924313,25.05447962188360833124534110539],[121.61716854253575093025574460626,25.05449180265889097540821239818],[121.61707971423166441127250436693,25.05453211460550022593452013098],[121.6169564642520413144666235894,25.05464270056700470945543202106],[121.61691255396989674864016706124,25.05476843671483067055305582471],[121.61690508084292616786115104333,25.05489380346505967622761090752],[121.61693565272582873149076476693,25.05512778105171278753005026374],[121.61704966320306198213074821979,25.05655503927332006242068018764],[121.61711099945848957304406212643,25.05744824872794396242170478217],[121.61713895574688137912744423375,25.05784212638076269286102615297],[121.61714194499771224400319624692,25.05797399305374284494973835535],[121.61706798368699367074441397563,25.05816331523226381250424310565],[121.61695237667802871328603941947,25.05836020178191603235973161645],[121.61679416152274768592178588733,25.05854970286399208134753280319],[121.61668962832919760330696590245,25.05862844188776961118492181413],[121.6165850724896984047518344596,25.05870330366134979271919291932],[121.61612838517423540452000452206,25.0589660349428733354670839617],[121.61574614605495980867999605834,25.05918538838600895246599975508],[121.61522729591091263046109816059,25.0594745511252945391333923908],[121.61480495101044141392776509747,25.05975974370256764700570784044],[121.61454159122392582048632903025,25.06000344079549435605258622672],[121.61376151000220602327317465097,25.06093522204371026873559458181],[121.61309331054890492396225454286,25.06160427114474131826682423707],[121.61241578100980120780150173232,25.06226861895826019122068828437],[121.61224879059180636886594584212,25.06250150036933632691216189414],[121.61209855809487123678991338238,25.0627646748062460346773150377],[121.61199041288988098585832631215,25.06303831059299369599102647044],[121.61173154830233045231580035761,25.0635684567156076241190021392],[121.61146551630677947741787647828,25.06409769282711863525037188083],[121.61131496676806307277729501948,25.06441615239373277290724217892],[121.61122217544205170725035713986,25.06460825955510074436460854486],[121.61116382843745498121279524639,25.06482344896243574794425512664],[121.61113017672040825800650054589,25.06497938553206594747280178126],[121.6111141434662954452505800873,25.06517491751475645855862239841],[121.61111902364466175185953034088,25.06532932540551072975176793989],[121.61113366417966119570337468758,25.06550780527931010510656051338],[121.6111749815132014873597654514,25.06564642790452879239637695719],[121.61142577285899335493013495579,25.06612640836575778280348458793],[121.61148542199944699859770480543,25.06621857855310153695427288767],[121.61153669217927131285250652581,25.06629028181339435832342132926],[121.61162940424483736023830715567,25.06643404205717473587355925702],[121.61170655861884881687728920951,25.06654840192085131889143667649],[121.61197807090753997272258857265,25.06694992214654149620400858112],[121.61212683142495905030955327675,25.06725448197029137986646674108],[121.61217701460465434593061218038,25.06744134878326590865071921144],[121.61220807337302574069326510653,25.06768729213107960163142706733],[121.61222251009547790090437047184,25.06826512038892218470209627412],[121.61220280821535766335728112608,25.06844739082608697344767278992],[121.61218169097037389292381703854,25.06855281555800019077651086263],[121.61212504240366172325593652204,25.06873129586334059126784268301],[121.61202477795077925293298903853,25.0689036426485465369751182152],[121.61197209240597771895409096032,25.0689962671506698654866340803],[121.6118938510317235568436444737,25.06912676799126060700473317411],[121.61173623599103166270651854575,25.06930209366201012244346202351],[121.61160469763433411571895703673,25.06943538387503522812949086074],[121.61140756560440934208600083366,25.06959276070229236665909411386],[121.61124040534254220347065711394,25.06971793280125027081339794677],[121.6102064076491728883411269635,25.07047630611693023183761397377],[121.60979779745019868641975335777,25.07070944371275444950697419699],[121.60949192010062347435450647026,25.07087609556641538688381842803],[121.60920575595406489810557104647,25.07102472208058685509968199767],[121.60893664412434134192153578624,25.07115369260109716265105817001],[121.60823769162145424616028321907,25.07148638463640111240238184109],[121.60741349630501417777850292623,25.07187362765326454905334685463],[121.60642360138342610298423096538,25.072336276713148350836490863],[121.60629097602641479625162901357,25.07249076275239474398404126987],[121.60624766585893041792587609962,25.07257878473466305990768887568],[121.6062172072053186866469332017,25.07266148380364256809116341174],[121.60619719960644147249695379287,25.07279297043928067978413309902],[121.60620913396367370751249836758,25.07295908614847945727888145484],[121.60626210258145363241055747494,25.07309508507695383627833507489],[121.60638426556076296947139780968,25.07327815854406338758053607307],[121.60694553136160322992509463802,25.07397878983056216384284198284],[121.60713978736993112761410884559,25.07431354586992355848451552447],[121.60720259560486056216177530587,25.07451258069771782288626127411],[121.60728156164601898581167915836,25.07482352645841672256210586056],[121.60729101628392356815311359242,25.0750516919844308461051696213],[121.60726563029817270944477058947,25.07537039484860486027173465118],[121.60722301082884655443194787949,25.0759393515737230018203263171],[121.6072068756684387835775851272,25.07690221432709165583219146356],[121.60723517164453255645639728755,25.07780319783521605359055683948],[121.60737345846135326610237825662,25.07860246607472731739107985049],[121.60741030324172129439830314368,25.07906210537975155716594599653],[121.60741099393983688514708774164,25.07949947848643290626569068991],[121.60739566270665079628088278696,25.07968569078149556617063353769],[121.60737196383603020422015106305,25.07983494243636357623472576961],[121.60730694763168457939173094928,25.08005380214555657403252553195],[121.60721285417002945905551314354,25.08026887211684297085412254091],[121.60678363625741837950045010075,25.08105532055517272738143219613],[121.60662004271526370757783297449,25.08130537968272122384405520279],[121.6064857189202825793472584337,25.08148627701969957115579745732],[121.60633888329910234915587352589,25.08161703631326844288196298294],[121.60616582379620354004146065563,25.08176068626833910002460470423],[121.6059859252498966952771297656,25.0818808875397074586999224266],[121.60583406225249802901089424267,25.08196403668217300264586810954],[121.60570821932417118205194128677,25.08202454231274458607003907673],[121.60557430315428462108684470877,25.08207089575862980268539104145],[121.6051570195989341982567566447,25.08216639200601960624226194341],[121.6042831279884239847888238728,25.0823115795911775194326764904],[121.60331235747804612401523627341,25.08255316027567971559619763866],[121.60272661152518480776052456349,25.08290042975151834525604499504],[121.60230466292689754936873214319,25.08318007105480873519809392747],[121.60230017905075783346546813846,25.08318258867993932881290675141],[121.60198186913551410270883934572,25.08336483691299179099587490782],[121.60122606425333913193753687665,25.08369380395214065515574475285],[121.60044040083228367166157113388,25.08387929201473909301967069041],[121.59952827172237732611392857507,25.08396550092517074403986043762],[121.59764528151872298167290864512,25.0839398889938713921310409205],[121.59575632413641699258732842281,25.08365430662360040514613501728],[121.59536572870258908096730010584,25.08354401861126703465743048582],[121.5952806935765408979932544753,25.08351686833216476202323974576],[121.59520721915133378843165701255,25.08346303436151103483098268043],[121.59504572034927605272969231009,25.08335690461083444802170561161],[121.59450766653368702918669441715,25.08294732125913029108232876752],[121.59423605233877196951652877033,25.08275172535586605704338580836],[121.59287657732204479543725028634,25.08170603623569760998179845046],[121.59198925672897928507154574618,25.08099399915115057524417352397],[121.59141893259247524383681593463,25.080481793221125030868279282],[121.59107473848300173813186120242,25.08015876565059798508627864067],[121.5900847643009967669058823958,25.07919602080614041028638894204],[121.58954212470294464765174780041,25.07872483947801711678948777262],[121.58926413570425495436211349443,25.07855042977968551554113219026],[121.58891028314441484781127655879,25.07844915687169162765712826513],[121.58785001627758504127996275201,25.07813117990711404559078800958],[121.58630774404713292824453674257,25.07796823504493488599109696224],[121.58488722717083874158561229706,25.07795695909041455706756096333],[121.58228726969926469791971612722,25.07794947255341710956599854399],[121.57965922006422943013603799045,25.07795813334856660503646708094],[121.57935664900708161439979448915,25.07799059722362500224335235544],[121.57902887313110795730608515441,25.07806517539330215527115797158],[121.57888410960418923423276282847,25.07810584878185977686371188611],[121.57869762111864986309228697792,25.07817618622742372735956450924],[121.57784813039985749583138385788,25.07854204079667326254821091425],[121.57693501619600340291071915999,25.07893703513085625900203012861],[121.57512509279243317905638832599,25.07965647831379030208154290449],[121.57387685413763733777159359306,25.08012622030769023240281967446],[121.57248482572720149619271978736,25.08059829358190384596127842087],[121.5711187720941097722970880568,25.08102339076695841413311427459],[121.56909301119740973717853194103,25.08170991783480729964139754884],[121.5688832201434479429735802114,25.08173219216072524773153418209],[121.56845120546968530561571242288,25.08175284103152691272953234147],[121.56733090448328482580109266564,25.08175933258045020579629635904],[121.56632896197525894876889651641,25.0818281347737581654655514285],[121.56593131236246563275926746428,25.08191173518080319126966060139],[121.56555932048540569212491391227,25.08199550986898884730180725455],[121.56524310531015942160593112931,25.08208802704433537655859254301],[121.56497556736630372142826672643,25.08219109672540625410874781664],[121.56466901064153773859288776293,25.08232212702799657222385576461],[121.56437817012917435022245626897,25.08246172024289677437991485931],[121.56395601771842507332621607929,25.08267354023375261817818682175],[121.56351146857262790490494808182,25.08291530992351781037541513797],[121.56145383365733891878335271031,25.08400174218338918308290885761],[121.56127043632885431634349515662,25.0840885868185985430045548128],[121.56093797276416523800435243174,25.08418913208328859809626010247],[121.56047608822845518261601682752,25.08434314682015653374946850818],[121.56010661003961104142945259809,25.0844482912370807525803684257],[121.55993942713196531713037984446,25.08449040332995494395618152339],[121.55978491457132406594610074535,25.08453233594621423208081978373],[121.55950283799869282574945827946,25.08459374787249629434882081114],[121.55915565463838845516875153407,25.08466534295140348831409937702],[121.55904762266266061487840488553,25.08467454678471497686587099452],[121.55898499559447145657031796873,25.08466706065851781204401049763],[121.55887168713823598409362602979,25.08465199611004337043596024159],[121.55875310220145024686644319445,25.08461566274960574673968949355],[121.55790769905667048078612424433,25.08423241846331208648734900635],[121.55775924425803680151148000732,25.08419922813800084782087651547],[121.55767072167273568084056023508,25.08418164592741206320170022082],[121.55760630558326340633357176557,25.08417470328653564592968905345],[121.55742838854780529800336807966,25.08414846584332025258845533244],[121.55718246605738386278972029686,25.08414810179042930826653901022],[121.55707223743529254988970933482,25.08415675701957070486969314516],[121.55694878364303690432279836386,25.08417741060887706794346740935],[121.55654892606094108487013727427,25.08428444208812990723345137667],[121.55619746263707270372833590955,25.08438914046336520868862862699],[121.55576723698457897171465447173,25.08451863529351655301979917567],[121.55512891871610747784870909527,25.08470800361020280888624256477],[121.55379394649740731892961775884,25.08512947678852356148127000779],[121.55305775291192560416675405577,25.08534670162838864371224190108],[121.55271484961529893098486354575,25.08543029450487438225536607206],[121.55251272417780228352057747543,25.08546970922110119772696634755],[121.55235352392845982194558018818,25.08548161003249887812671659049],[121.55211735047183196911646518856,25.08548701436438577161425200757],[121.55196004115012442525767255574,25.08547727733740373423643177375],[121.55191941451460024836705997586,25.08546979126031573059663060121],[121.5518128771642665242325165309,25.08544977369300355007908365224],[121.55161832675996436137211276218,25.08540062706473605658175074495],[121.55114678377405823539447737858,25.08522911363771257242660794873],[121.55057796558588734114891849458,25.08489836123643001997152168769],[121.55012314655203908841940574348,25.08466119994433540796308079734],[121.54999062310125168551167007536,25.08457426854810989880206761882],[121.54948055954280050627858145162,25.08401419178121116715374228079],[121.54934226140308339836337836459,25.08373681362109763881562685128],[121.54921133448395664800045778975,25.08338891070343024125577358063],[121.54863284652246591122093377635,25.08109139346306548645770817529],[121.54857828137295427950448356569,25.08095495731139834560963208787],[121.54827042251244506587681826204,25.08036527736648935160701512359],[121.54765382160363174079975578934,25.07978804973656750121335790027],[121.54739365488042324159323470667,25.07963131671806777944766508881],[121.54700504095744406640733359382,25.07937574701549365840946848039],[121.54672048466544254097243538126,25.07918321690608820517809363082],[121.54670107718131077945145079866,25.07917113088463167969166534021],[121.54572164463733940920064924285,25.07847801581320013042386563029],[121.54508552301520296623493777588,25.07791385509097636941078235395],[121.54461874697831547109672101215,25.0774979412261203037814993877],[121.54453779942630831101268995553,25.07717401867376239010809513275],[121.54500337523367647918348666281,25.07658152072692203660153609235],[121.54752129815294381387502653524,25.0746684177578451624412991805],[121.54891461737622648797696456313,25.07155996680105403129346086644],[121.55314208601696179812279297039,25.06405954306120165142601763364],[121.55332009363573320115392562002,25.06313842697285920735339459497],[121.55264335670105424469511490315,25.06263290560001522067068435717],[121.552580842862028021045261994,25.06261856657456021935104217846],[121.5515949222852185584997641854,25.06260377111912873715482419357],[121.5507869527126132425109972246,25.0626248796435646681857178919],[121.55071068152624036429187981412,25.06263534159310424342947953846],[121.55012573950067178429890191182,25.06265671678917783538054209203],[121.54974689725723635547183221206,25.0626890924089700263266422553],[121.54747011855636174004757776856,25.06423676321343307904498942662],[121.54713976105465178534359438345,25.06442182945697538798413006589],[121.54631794355138652008463395759,25.0649616210708359176351223141]]}},
{"type":"Feature","properties":{"Layer":"g","PaperSpace":null,"SubClasses":"AcDbEntity:AcDbPolyline","Linetype":null,"EntityHandle":"2DD","Text":null},"geometry":{"type":"LineString","coordinates":[[121.53126510706049145937868161127,25.05200864837569696419450337999],[121.53221574541980487538239685819,25.05199692382145570945795043372],[121.5330456361648572283229441382,25.05199601601472636502876412123],[121.53379825930653623800026252866,25.05199340542918307050967996474],[121.53485703154791508495691232383,25.05195397993930939151141501497],[121.53587070460064012422662926838,25.05196255025307650043941976037],[121.53844508359689768894895678386,25.05187758564380118286862852983],[121.54095055130459002157294889912,25.05181895766980559869807620998],[121.54302481958873727307945955545,25.05175266714841697535121056717],[121.54312606913568117761315079406,25.05175572907890568785660434514],[121.54407153292078191952896304429,25.05173579832066010908420139458],[121.5463765849519290895841550082,25.0516501924459653594112751307],[121.54831044903320957928372081369,25.05158768180963946292649779934],[121.54955413587423151966504519805,25.05154646621348035750997951254],[121.55033452281483619117352645844,25.0515364546578993554248881992],[121.55046495152555507957004010677,25.05153663416839293631710461341],[121.5551470353874492502654902637,25.05137977780985281128778296988],[121.55726718414172182747279293835,25.05133611566839846318544005044],[121.55745268753327081867610104382,25.05129922876312775770202279091],[121.55806282305498200457805069163,25.05131149704543247480614809319],[121.55881515180077201421227073297,25.05125214049933290993976697791],[121.56043905095852153408486628905,25.05122680381576572017365833744],[121.56068398835498101107077673078,25.0512181411306507072822569171],[121.56180998476992272117058746517,25.05118683954632530230810516514],[121.56343160802086345029238145798,25.05115905637032724939672334585],[121.56510421837859325933095533401,25.05112839075305330993614916224],[121.56579530145239687044522725046,25.05107806096513201055131503381],[121.56738775686247322482813615352,25.0509778424122480089408782078],[121.56980998978831109980092151091,25.05089179492303586016532790381],[121.56986364910420661544776521623,25.05087393609937507221729902085],[121.57076730867024139115528669208,25.05042744927573039603885263205],[121.57212081650841639657301129773,25.049569824629251968417520402],[121.57443561757318661875615362078,25.04962294518572818446955352556],[121.57814233381947133239009417593,25.04965479083802648574419436045],[121.57974396079440282392170047387,25.05003895369119604197294393089],[121.58211023585162990912067471072,25.05099029536688348684947413858]]}},
{"type":"Feature","properties":{"Layer":"g","PaperSpace":null,"SubClasses":"AcDbEntity:AcDbPolyline","Linetype":null,"EntityHandle":"2DE","Text":null},"geometry":{"type":"LineString","coordinates":[[121.508225185002430634995107539,25.04364384792446429628398618661],[121.50816344112188005510688526556,25.0434442192564716833658167161],[121.50793416332338381380395730957,25.0427825699736565923103626119],[121.5075228582694961687593604438,25.04149911016490293036440561991],[121.50733823806567102110420819372,25.04083166964559481471042090561],[121.5073025029315090250747743994,25.04070899166922359313502965961],[121.50668152005277988791931420565,25.03857592329351788862368266564],[121.50662038761001326747646089643,25.03832225816886847269415738992],[121.50649144220182051867595873773,25.03785380240214664127051946707],[121.50654541855946888517792103812,25.03772471476605687712435610592],[121.5068718922996993114793440327,25.03734222657431374159386905376],[121.50728359365581354722962714732,25.037029103136575258758966811],[121.50758198655549335853720549494,25.03686275406161954037997929845],[121.50934957356275845086202025414,25.03610887138348672920074022841],[121.50976844232685891711298609152,25.03600891759025159899465506896],[121.51006267971519037018879316747,25.03594324432336293284606654197],[121.51087512184106742552103241906,25.0357593918180079128887882689],[121.51203636650465966795309213921,25.03549534893563333071142551489],[121.51372748983598626182356383651,25.03521515252181472988013410941],[121.51460255903012352973746601492,25.03501433546501075966261851136],[121.51564800419519940533064072952,25.03485132300717452835669973865],[121.51590219241684565076866419986,25.03480955805109431366872740909],[121.51598624244890345380554208532,25.03478438724595989128829387482],[121.51632724349499881100200582296,25.03428777702794150172849185765],[121.5169842785496712167514488101,25.03339259834358898615391808562],[121.51748857874201803497271612287,25.03276687937906075376304215752],[121.51759740332209958069142885506,25.03265212892221569518369506113],[121.51830054530525160316756227985,25.03175585593698571074128267355],[121.51912475194460228067327989265,25.03071072164435051377040508669],[121.52055839208462373335351003334,25.02874763579293571069683821406],[121.52081845690162253958988003433,25.02833003150280433146690484136],[121.52145856419137714965472696349,25.02738933809646226791301160119],[121.5216962322734275403490755707,25.02703478587648433517642843071],[121.52253647216696208488428965211,25.02591581717457103195556555875],[121.5226848250592439626416307874,25.02571823728623456872810493223],[121.5227551064211581888230284676,25.02562459000230177252888097428],[121.52357941496674698100832756609,25.02439680619722750520850240719],[121.5253475001824483570089796558,25.02255703380647844369377708063],[121.5269302065587737615715013817,25.02109770640821295728528639302],[121.52714168472779476815048838034,25.02092484096370483825921837706],[121.52754551665472604327078443021,25.02057748308195783693008706905],[121.52817825272391871749277925119,25.02003895304178016090190794785],[121.52880293819728763082821387798,25.01942353928091122838850424159],[121.53134853433196838068397482857,25.016879137265217281083096168],[121.53154148820451041501655708998,25.0167059939731011297681106953],[121.53290714553540396991593297571,25.01539574244627317511913133785],[121.53309581934436778283270541579,25.01522061160167353932592959609],[121.53333686165643712229211814702,25.01497041765127349322028749157],[121.53347296314983339016180252656,25.01485565055489956876044743694],[121.53362710205414032316184602678,25.01469955789695021053375967313],[121.53385361706037315343564841896,25.014412813756401021691999631],[121.53439145574056112764083081856,25.01392784929790735759524977766],[121.53509161979580710521986475214,25.01298948249798925758113909978],[121.53535894260431859947857446969,25.01266791369292619151565304492],[121.53560446879252765484125120565,25.01230222165701633230128209107],[121.53601606824223324565537041053,25.01160258723733065266969788354],[121.53607032767286000307649374008,25.01146111250231029998758458532],[121.53630780326524529755261028185,25.01099525287657598937585134991],[121.53637161924007159541361033916,25.01064299798158785392843128648],[121.53649031740597763473488157615,25.00968999407536941248508810531],[121.53725128553948309217958012596,25.00796865887787134852260351181],[121.53773039223580099132959730923,25.00713825865619455157684569713],[121.53794784890639846253179712221,25.00662628799896225473275990225],[121.53799973052389304939424619079,25.00645366898016774825919128489],[121.53802939657317949695425340906,25.00629729371264531323504343163],[121.53802939657317949695425340906,25.00598617416685698344736010768],[121.53790154948819690616801381111,25.00512498594194354950559500139],[121.53770830121963797409989638254,25.00421155451492083443554292899],[121.53761410585174473908409709111,25.00327274918631914601974131074],[121.53763500796118535163259366527,25.0030615103285249745113105746],[121.53770908250106685954960994422,25.00269975588596338411662145518],[121.53776763331831034520291723311,25.00246604773710146218945737928],[121.53814169728961758210061816499,25.00146443121832717793040501419],[121.53903758933286383125960128382,24.99946595582069264196434232872],[121.53976182591510735164774814621,24.9974003121841619190490746405],[121.53990810671322719827003311366,24.99698340173666366581528563984],[121.54008850346798453756491653621,24.99605465475432097832708677743],[121.54012893761387203994672745466,24.9952096475067584435691969702],[121.5401353124175329867284744978,24.99494261826148289173943339847],[121.54005326654224461435660487041,24.99416275510547791327553568408],[121.5398445851343893764351378195,24.99325682112385038635693490505],[121.53973485472067750379210337996,24.99289927628772289835978881456],[121.53914821425713910230115288869,24.99145358976992881139267410617],[121.53862966983201943094172747806,24.99009234975975246584312117193],[121.53855102083244332789035979658,24.9898663712521162949542485876],[121.53847366264588458761863876134,24.98964446157492247380105254706],[121.53835427378184874669386772439,24.98873117677950972392864059657],[121.53859113793666324454534333199,24.98765626230766301318908517715],[121.53873391995252006836381042376,24.98682879349511054556387534831],[121.53897296943073058628215221688,24.98599473012651372982872999273],[121.53928412326085606309789000079,24.9853057736602650606982933823],[121.53974122952446634826628724113,24.98400592787701413044487708248],[121.53987665164257236938283313066,24.98336903696619870629547222052],[121.54008263819574153785652015358,24.98240029795655914313101675361],[121.54026572980534126600105082616,24.98153930880934225911005341914],[121.54041439973944704888708656654,24.98096206254304973981561488472],[121.54068381728795600338344229385,24.97998527321039929915968968999],[121.54085248349811365642381133512,24.97940584886246284668231965043],[121.54098122509374491073685931042,24.97894024234041054910449020099],[121.54117357885161254671402275562,24.9783330134099550434712000424],[121.54134234696793726016039727256,24.97775286793631366322188114282],[121.54141234525687309542263392359,24.97734654482825433774451084901],[121.54147537995015682099619880319,24.97661936809207006149335938971],[121.54149129997512090994860045612,24.97593487528638434014283120632],[121.54151221340755739674932556227,24.97543206879200283765385393053],[121.54148035071185063316079322249,24.97496905945072853683086577803],[121.54148611407796920502732973546,24.97443636483981777018925640732],[121.54149377969450540604157140478,24.97359075738143729950024862774],[121.54148144903506079117505578324,24.97320030964262826955746277235],[121.54147069226146982146019581705,24.97286328643818009709320904221],[121.54139710460704293382150353864,24.971839221686586540727148531],[121.54130053142597489568288438022,24.97141672795556033292996289674],[121.54116521121399330240819836035,24.97099855411607194355383398943],[121.54109432973741888872609706596,24.97074159307972607280134980101],[121.54084370823545668827136978507,24.97006564359982050405051268172],[121.5398443813218278819476836361,24.96740423285091736715912702493],[121.53965868544061379452614346519,24.96686943199320296571386279538],[121.53951092134016676027385983616,24.96649800421627674040792044252],[121.53896471502243059603642905131,24.96513369077548816221678862348],[121.53833367739117932160297641531,24.96375681828863335454116167966],[121.53798667519755838384298840538,24.96291691157866665662368177436],[121.53758643263621763708215439692,24.96205307091802438890226767398],[121.53728443904803668829117668793,24.96143782358630858198011992499],[121.53699192274349627496121684089,24.96074341213991232280022813939],[121.53689145447805231015081517398,24.9604623215176495421019353671],[121.53670018772045580135454656556,24.95998742498524336497212061659],[121.53649737158495724997919751331,24.9594566621429230224293860374],[121.53624755401014567723905202001,24.95894746477950221219543891493],[121.53610020885760434339317725971,24.95852907405451759359493735246],[121.53588962519931726546928985044,24.95780124203310634811714407988]]}},
{"type":"Feature","properties":{"Layer":"railways","PaperSpace":null,"SubClasses":"AcDbEntity:AcDbPolyline","Linetype":null,"EntityHandle":"2DF","Text":null},"geometry":{"type":"LineString","coordinates":[[121.53699192274349627496121684089,24.96074341213991232280022813939],[121.53683231486904503526602638885,24.9604872303866258675952849444]]}},
{"type":"Feature","properties":{"Layer":"railways","PaperSpace":null,"SubClasses":"AcDbEntity:AcDbPolyline","Linetype":null,"EntityHandle":"2E0","Text":null},"geometry":{"type":"LineString","coordinates":[[121.53694551009614599479391472414,24.96074846781307243759329139721],[121.53689145447805231015081517398,24.9604623215176495421019353671]]}},
{"type":"Feature","properties":{"Layer":"g","PaperSpace":null,"SubClasses":"AcDbEntity:AcDbPolyline","Linetype":null,"EntityHandle":"2E1","Text":null},"geometry":{"type":"LineString","coordinates":[[121.53753755159237925909110344946,24.9685176885704471771987300599],[121.537323978683190262017888017,24.96837958751506292287558608223]]}},
{"type":"Feature","properties":{"Layer":"g","PaperSpace":null,"SubClasses":"AcDbEntity:AcDbPolyline","Linetype":null,"EntityHandle":"2E2","Text":null},"geometry":{"type":"LineString","coordinates":[[121.53754908964741332511039217934,24.9684747257531469699642912019],[121.53729519582165607971546705812,24.96843618186775159983881167136]]}},
{"type":"Feature","properties":{"Layer":"r","PaperSpace":null,"SubClasses":"AcDbEntity:AcDbPolyline","Linetype":null,"EntityHandle":"2E3","Text":null},"geometry":{"type":"LineString","coordinates":[[121.44572984763829026633175089955,25.16866843363786898635225952603],[121.44688660842574279286054661497,25.16780920410957733679424563888],[121.44744366210041164322319673374,25.16739549201194137140191742219],[121.44750770453362065381952561438,25.16734592742532683473655197304],[121.44773718614474944388348376378,25.16719967257872170307564374525],[121.44800085165013570076553151011,25.16701692422915925817505922168],[121.44820067853501655008585657924,25.16687841652851531648593663704],[121.44847588209542266213247785345,25.16667232768267226106218004134],[121.45017296128241923724999651313,25.16540143535433315946647780947],[121.45061235849973968470294494182,25.16505890438366321859575691633],[121.45175656216940751619404181838,25.16408078452248986423001042567],[121.45212654988966960445395670831,25.16370076655852372482513601426],[121.45223777492870453897921834141,25.16358018969891219285273109563],[121.45249146494201397672441089526,25.16317961705069805589118914213],[121.45262507539308671766775660217,25.16292377622331954967194178607],[121.45276207139704638393595814705,25.1625609617728116518264869228],[121.45297185112821125585469417274,25.16194537277778309203313256148],[121.4530736215294126623120973818,25.16165942949780998105779872276],[121.45332521680252568785363109782,25.1612102775695269940570142353],[121.45374440260839321581443073228,25.16075698355960099661388085224],[121.454005565748531125791487284,25.16054835296501224206622282509],[121.45430296223140942402096698061,25.16033540222077036219161527697],[121.45460833004965195414115441963,25.1601903995484796894288592739],[121.45484987057017178813111968338,25.16008649375686090365888958331],[121.45540316503549149729224154726,25.15986885856957755436269508209],[121.45708282957221513242984656245,25.1592570326373774491912627127],[121.45752570292582106503687100485,25.15901740219815607702003035229],[121.45796010673565490378678077832,25.15871910230541530495429469738],[121.45829444990508250157290603966,25.15841152141269532194201019593],[121.45863396764873698430164949968,25.15797957553870745073254511226],[121.45872477746378592655673855916,25.1578645786340402423775231],[121.45888785015161204228206770495,25.15754681335143416731625620741],[121.45908091725340227640117518604,25.1570695335686700389032921521],[121.45914304611312672932399436831,25.15679331533014462252140219789],[121.4592034878579056567104998976,25.15643678574752684085069631692],[121.4592320669069778205084730871,25.15613469767401255694494466297],[121.45924898334881447681254940107,25.15566660060571635426640568767],[121.45924719432748872804950224236,25.15561559639056810055990354158],[121.45928542050398846185998991132,25.15507241785618930407508742064],[121.45940728908747985315130790696,25.15377788794496538571365817916],[121.45941276938052055811567697674,25.1536927224379134315768169472],[121.45957775564176017724093981087,25.15184642683888327496788406279],[121.45962046569439962695469148457,25.15126565730045626878563780338],[121.45963022605111802931787678972,25.15092831895994862634324817918],[121.45973516686980531176232034341,25.14778584549636164524599735159],[121.45973884681872334567742655054,25.14416020550379116116346267518],[121.45974023953782250373478746042,25.14282896189921245877485489473],[121.45972311928333908781496575102,25.14049568612227147923476877622],[121.45970589712273124405328417197,25.13959542586888318282944965176],[121.45974999989444143011496635154,25.13839113577790485010154952761],[121.45975627279190689478127751499,25.13831659952063546370482072234],[121.45977330246296332916244864464,25.13763273761514582815834728535],[121.45976633886751017143978970125,25.13673317379446103814188973047],[121.45976394973133949406474130228,25.13668378638792333390483690891],[121.45976174176200856891227886081,25.13637344379162286145401594695],[121.45969105277509925144840963185,25.13590013022046676383070007432],[121.45960265474191430712380679324,25.13560962072995508265194075648],[121.45941407151627799976267851889,25.13514153207313484017504379153],[121.45851199715899326747603481635,25.13356366214936699066129222047],[121.4584451919334640024317195639,25.13338284184273874188875197433],[121.45833218919602813912206329405,25.13307556100466655379932490177],[121.4582626777927174543947330676,25.13255870399338931520105688833],[121.45826736548141866478545125574,25.13228224576692326763804885559],[121.45829315909223566904984181747,25.13205220855029153881332604215],[121.45833060398727809570118552074,25.1318470449819137968461291166],[121.45842308959448985206108773127,25.13155905273017154399894934613],[121.45856755872540588825359009206,25.13119947662872277760470751673],[121.45992602600229304243839578703,25.12872031324376465022396587301],[121.45996058355282798402186017483,25.12865406436925752586830640212],[121.46070762449521396320051280782,25.12724954389496545559268270154],[121.46145286509333516278275055811,25.12591496359098997004366538022],[121.46178223750105473754956619814,25.12541429936096548658497340512],[121.46204191733885124904190888628,25.12512619455307216753681132104],[121.46238202387434057527570985258,25.12485665983686189406398625579],[121.46281374415217158002633368596,25.12459036916390076044081069995],[121.46316570578449045569868758321,25.12444965534259111450410273392],[121.46354404981941854657634394243,25.1243226375547372697383252671],[121.46358407634008358400024008006,25.12431370837355260050571814645],[121.46388128033332520772091811523,25.12426756059155863454179780092],[121.46411547227907590240647550672,25.1242545768794336424889479531],[121.46415369845557563621696317568,25.12425565842834984664477815386],[121.46479361325577883690129965544,25.12430235467782679847914550919],[121.46493688215724660039995796978,25.12433020326685806367095210589],[121.46531353907718653317715507001,25.12444361200532227940129814669],[121.46533225586321691480407025665,25.12445000902389935504288587254],[121.46579234005463376888656057417,25.12465383180288824860326712951],[121.46625054464132631437678355724,25.12496140549409417985771142412],[121.46658887347845734439033549279,25.12523986909335249606556317303],[121.46667548249030232909717597067,25.12532857073426839633611962199],[121.46671214610394429200823651627,25.12537644037664819052224629559],[121.46684146516854241326655028388,25.12555113698931918975176813547],[121.4673311361487861859131953679,25.12619882754971101235241803806],[121.46790842388074338487058412284,25.12693494348798850523962755688],[121.46806732973419684640248306096,25.1271466915839205569227488013],[121.46824206502923004791227867827,25.12734860823132621021613886114],[121.4684492518116911696779425256,25.12754521433419796494490583427],[121.46876289668412596256530378014,25.12779662385678136615752009675],[121.47062866472708719811635091901,25.12925657157292747001520183403],[121.47086253963104240938264410943,25.12943838723047917937947204337],[121.47101656530615798601502319798,25.12954593266373848337025265209],[121.47256241557921896401239791885,25.13054324777100845267341355793],[121.47279131972150878482352709398,25.130726506919231155734451022],[121.47354652448889567040168913081,25.1313021461338514939143351512],[121.47470507429763131312938639894,25.13221166778502890792879043147],[121.4751343035331530018083867617,25.13254103647704340573909576051],[121.47558462736783724267297657207,25.13288663149469215341014205478],[121.47699986776365221885498613119,25.13397262493879935618679155596],[121.47760900686836293971282429993,25.13444648414736448671646940056],[121.47821456793056427159172017127,25.13491781470654018448840361089],[121.47852252869732581075368216261,25.13514504807511684703058563173],[121.47882858721364129905850859359,25.1353529122925252181630639825],[121.47912152246621531048731412739,25.1355244374205781809905602131],[121.47950065910553973935748217627,25.13569029367699414478920516558],[121.48129045035808815100608626381,25.13642112459423216819232038688],[121.48318708467975568510155426338,25.1372043212681610668823850574],[121.48349007468490867722721304744,25.13731275166106726715042896103],[121.48373340422675425998022546992,25.13739756982859674394603644032],[121.48398520331241456915449816734,25.13746535666664172481432615314],[121.4842790217526271590031683445,25.13752773118494943105361016933],[121.48510790475778264863038202748,25.13766238725706614332011668012],[121.48653796685520944720337865874,25.13789512516425261878794117365],[121.4883618061269601184903876856,25.13817201658014255372108891606],[121.48905240231522384419804438949,25.13827179984086157560341234785],[121.48989850748098717758693965152,25.13831650726643474058619176503],[121.49050705779393410921329632401,25.13831037748624197547542280518],[121.49106622885459216831804951653,25.13823682522529168181790737435],[121.49168372427403994606720516458,25.13805313145051911760674556717],[121.49242161629737779549031984061,25.13767032628701159069350978825],[121.49327238650604954273148905486,25.13721558150961143951462872792],[121.49388234086109150666743516922,25.13689425163536839136213529855],[121.49444387841194270549749489874,25.13657345394751629896745726001],[121.49512900562996264852699823678,25.13622705443697924465595860966],[121.49552426610677002827287651598,25.13599036171970979580692073796],[121.49592791686694681629887782037,25.13569858648389043764836969785],[121.49631841039462187836761586368,25.13532163222540205538280133624],[121.49670134021191358897340251133,25.13486859570331333202375390101],[121.49716621399826976812619250268,25.13425935577516412422482972033],[121.49748981171708805959497112781,25.13386156736446963577691349201],[121.4978334057118729560897918418,25.13343791982155650543973024469],[121.49805792788426117567723849788,25.13315443146700545185012742877],[121.49827806808677621575043303892,25.1328818545639833814675512258],[121.49851752519002445751539198682,25.13258177375777790985011961311],[121.49921815348508857823617290705,25.13170525803645460882762563415],[121.49962577859002976765623316169,25.13118973811593903633365698624],[121.50028610861424738232017261907,25.13036134662338128009650972672],[121.50052188576867706615303177387,25.12995471925965418336090806406],[121.50067522074566284118191106245,25.12961560495492818745333352126],[121.50080056546552498275559628382,25.12925477248225902826561650727],[121.50100158125684401966282166541,25.12803351697757037186420348007],[121.50108742031019914975331630558,25.12720402255738605390433804132],[121.50121873220855661656969459727,25.12632601766206974502892990131],[121.50133930997920117533794837072,25.12572809381341798484754690435],[121.50148697217350957089365692809,25.12501621047749367221513239201],[121.50160774243381922588014276698,25.12443424201273600715467182454],[121.50179682386790602777182357386,25.12377166689772778340739023406],[121.5020011346288271170124062337,25.12319535658991398463513178285],[121.50222874795825589444575598463,25.12277221027212803505790361669],[121.50252056224169905362941790372,25.12238052015885259038441290613],[121.50289144447262401627085637301,25.12204399904682006194889254402],[121.50333371771156976137717720121,25.12174678264130278648735838942],[121.50384041836288417925970861688,25.12150374158089505272073438391],[121.50450639852398637685837456957,25.12131263102384082230855710804],[121.5056987925393059413181617856,25.12106806156449678724129626062],[121.50649403515035373857244849205,25.1209145441544237087327928748],[121.50732152543629638330457964912,25.1207511026716190372098935768],[121.50771521202737801559123909101,25.12069034451972626698079693597],[121.5078591716268903155651059933,25.12066815930328189665488025639],[121.50842092431324203971598763019,25.12057738338376111641991883516],[121.51051401128974305265728617087,25.12017595709617268084912211634],[121.51112144063368702973093604669,25.11999854114272423544207413215],[121.51151901098596397332585183904,25.11982167341480476352444384247],[121.51189686813542323307046899572,25.11961892416519148696352203842],[121.51228148506777415605029091239,25.11935316543651453002894413657],[121.51260100653549045546242268756,25.11905900785946599285125557799],[121.51291105071949516513996059075,25.11871184103298659806569048669],[121.51333738128759875962714431807,25.11811567917863996513005986344],[121.51383461597816904031787998974,25.11736346024837018831021850929],[121.5143723640749726655485574156,25.11657887533153044046230206732],[121.51487965351806508351728552952,25.11578184414075209929251286667],[121.51509990694982832337700529024,25.11547397565599126778579375241],[121.51526189263734067935729399323,25.1152116270918206453188759042],[121.51536314218428458389098523185,25.11505855343151694114567362703],[121.51572775151774408186611253768,25.11450934543924873310061229859],[121.51617819990457292078644968569,25.11384248222019621721301518846],[121.51649143715191314640833297744,25.11345202455040848121825547423],[121.51680445926378126841882476583,25.1130313615070512867077923147],[121.51717286177529331325786188245,25.11249333003194905700183880981],[121.51744815591914061769784893841,25.1120457094160656197345815599],[121.51779185182009257459867512807,25.11151901823453158613119740039],[121.51807303388216041639680042863,25.11106905642308362303083413281],[121.51831478953812393228872679174,25.11068327541843459016490669455],[121.51850944184856473384570563212,25.11039261881660777930846961681],[121.51886617043011540317820617929,25.10983888373028349860760499723],[121.51928963629951851999067002907,25.1092233826256858719716547057],[121.51967107149158664469723589718,25.10869569500154696584104385693],[121.51985306477797621482750400901,25.10842350441292225582401442807],[121.52102853102856272471399279311,25.10673826745576064922715886496],[121.5216725334028069482883438468,25.10582351675538248514385486487],[121.52189117897992787220573518425,25.10546351118880181729764444754],[121.52203365527699929771188180894,25.10521476257969908374434453435],[121.52216508040459075346007011831,25.10494166708125618470148765482],[121.52228227262230575433932244778,25.10456579193792592263889673632],[121.5224025559970471022097626701,25.10382719324922717873960209545],[121.52246178618938188265019562095,25.10338026377058540106190775987],[121.52255159958745878157060360536,25.10278754408102130923907679971],[121.52267247175399234038195572793,25.10208779545271795541339088231],[121.52277411760306335963832680136,25.10158216831111133160447934642],[121.5228984885517746761252055876,25.1011831097457651651438936824],[121.52305610359239551598875550553,25.10084202381489859590146807022],[121.52326677783418062972486950457,25.10045170919396895214958931319],[121.52468718148112714061426231638,25.09762379303806056896064546891],[121.52480258467753060358518268913,25.09737024503807489850260026287],[121.52539798908091484008764382452,25.09581181615157063902188383508],[121.52585468771928844944341108203,25.09436282544097451818743138574],[121.52592688265455933560588164255,25.09409872938852714696622570045],[121.526134375155947964231017977,25.09343679481490596572257345542],[121.52633160909212506339827086776,25.09281364349942222702338767704],[121.52640807276803514014318352565,25.09259588843551824766109348275],[121.52646901272125035120552638546,25.09242194969218786582132452168],[121.5267482925327016118899337016,25.09162566342798683649562008213],[121.52678224996859057682740967721,25.09150988624379152724941377528],[121.526996717388328761444427073,25.09077887392570715974216000177],[121.52713044106866391302901320159,25.09025354216625558478881430347],[121.52722102442534435340348863974,25.08971882524375018874707166106],[121.5272372728149719023349462077,25.08928203727251471377712732647],[121.52718947877141886237950529903,25.08889430069575254833580402192],[121.52709887276886036033829441294,25.0885263953742096987298282329],[121.52694413374985060727340169251,25.08819789765690444482970633544],[121.52678981367888866316206986085,25.08790826436230148033246223349],[121.52649411563395176472113234922,25.08751330923109890136402100325],[121.52617727769822408845357131213,25.08715730553374712030745286029],[121.52588216844515045522712171078,25.08681086339106869331772031728],[121.52561942009621986926504177973,25.08646405109430688185057078954],[121.52540007249803011291078291833,25.08614592061621095808732206933],[121.52524554861456351773085771129,25.08584663263419756162875273731],[121.52512357812481980090524302796,25.08555663485390496703075768892],[121.52498838246501122739573474973,25.08507275676332781699784391094],[121.52479690057184313900506822392,25.08437588588680355883298034314],[121.52453783217183058695809450001,25.08344662625071208594818017446],[121.52433272880657000314386095852,25.08252655842717970813282590825],[121.52410681391503999293490778655,25.08166501023814021209545899183],[121.52384764360868985022534616292,25.08072608491527688556743669324],[121.52371262911562155295541742817,25.08025183800228674613208568189],[121.52354545753095749205385800451,25.07978750107391263668432657141],[121.52347926374298481277946848422,25.07966197520134699061600258574],[121.52213581065750247489631874487,25.07727771808277594800529186614],[121.52130852418402184866863535717,25.07570370102739332196506438777],[121.52079525623933875522197922692,25.07467490455449876662896713242],[121.52040287178414246227475814521,25.07388824078247679949527082499],[121.5202816033153823127577197738,25.07365647839926126039244991262],[121.5201921975424426136669353582,25.07339521445042151981397182681],[121.52017954984120251538115553558,25.0733420016399968233145045815],[121.52003329168897494128032121807,25.07272704509566096930939238518],[121.51989738268522955877415370196,25.0721847698508959467744716676],[121.51964318314060164993861690164,25.07076986259980699855987040792],[121.5195494859810452226156485267,25.07014956505262048835902533028],[121.51950019731206964479497401044,25.06963550353468050957417290192],[121.5194155698111870833599823527,25.06887911473328145461891836021],[121.51931152350312004273291677237,25.06829767914066309231202467345],[121.51919374249365546347689814866,25.06746398467905478923967166338],[121.51910084926133492899680277333,25.06691140916467475108220241964],[121.51904169832950231011636788025,25.06648490913259408330304722767],[121.51897808616726592845225241035,25.06617096268297828487447986845],[121.51890421543984643903968390077,25.0658065993807213089894503355],[121.51875536433911406675179023296,25.06507994648817572169718914665],[121.5187320504476957694350858219,25.0649346512906276984722353518],[121.51868983860339312741416506469,25.06470322069070277848368277773],[121.51864393548748921602964401245,25.06442066019736714110877073836],[121.5186490194783317519977572374,25.06433939662652932156561291777],[121.51865350335447146790102124214,25.06421421903143098575128533412],[121.51866972909829200943931937218,25.0639955925598947317212150665],[121.51869920265794178249052492902,25.06375983697919451742563978769],[121.51883741021430296314065344632,25.06337255805429009569706977345],[121.5189465178674623757615336217,25.06305364960515547068098385353],[121.5190318360664605279453098774,25.06275412568492910736495105084],[121.51905903371934414280985947698,25.06265761426013582990890427027],[121.51908402340283998910308582708,25.0625893397789134553477197187],[121.51924512590269955580879468471,25.06217004039542217697089654393],[121.51964696499575779853330459446,25.06126469551414714942438877188],[121.51967903150401184575457591563,25.06121950861139779931363591459],[121.5198238856142438635288272053,25.06093503741851336030777019914],[121.51992326687937406859418842942,25.06070261972244850312563357875],[121.52010336923825661870068870485,25.06021999221654539269366068766],[121.52020065576330409840011270717,25.05981269060154659200634341687],[121.52026606826974841624178225175,25.05938868910011407820093154442],[121.52027751574144076585071161389,25.0590926744093458466977608623],[121.52024704576483316031954018399,25.05782480707359027860547939781],[121.52023898384609879030904266983,25.05776672557701445498423709068],[121.5202112993077463443114538677,25.05766940503150053132230823394],[121.52018572083242986536788521335,25.0573781660676075944138574414],[121.52016649451495311495818896219,25.05680289694627305152607732452],[121.519872687397665345088171307,25.05303835323486794095515506342],[121.51985894137321508878812892362,25.05291532332565296314896841068],[121.51982517642709069605189142749,25.05271787924504067746056534816],[121.51971955623322685369203099981,25.0514157671376054281608958263],[121.51960944084027005374082364142,25.05058773296513763284565357026],[121.51950031054131784458149923012,25.05023018582918581387275480665],[121.51942672288699043292581336573,25.05004715998458664216741453856],[121.51929142532081584704428678378,25.04982770812338443988664948847],[121.51815506843445291451644152403,25.0483880927366620028351462679],[121.51686311198716339276870712638,25.04638929899831367720253183506],[121.51678434975858067446097265929,25.0461583821899225199558713939],[121.51676762580638069266569800675,25.04609975148086320473339583259],[121.51583311128446496240940177813,25.0428871089102429436934471596],[121.51539589939064001100632594898,25.04157028418298835958921699785],[121.51485029318764929939788999036,25.0396509409642611387880606344],[121.51484810786413959249330218881,25.0396287461866116075270838337],[121.51478237831598505636065965518,25.038649268748432774600587436],[121.5147629595088716314421617426,25.03737785583037478431833733339],[121.51498390363875046205066610128,25.03669190106733921652448771056],[121.51536852057110138503048801795,25.03599709917475024667510297149],[121.51605034149669393173098796979,25.03490329065743935643695294857],[121.51619671287807022963534109294,25.03471095227732590160485415254],[121.51708782664927355199324665591,25.03340261651010578702880593482],[121.51709409954671059495012741536,25.0333940448991718596971622901],[121.51722902345639454324555117637,25.03324077146773163349280366674],[121.51753867133821529478154843673,25.03284833828820765688760729972],[121.51757947914047974791174056008,25.03280900923599716634271317162],[121.51777772081652528868289664388,25.03265176471631647814319876488],[121.51865877983505015436094254255,25.03227738611501607124409929384],[121.51966925982445388854102930054,25.03208748021816276718709559646],[121.52065845272497313089843373746,25.03203633212496370674671197776],[121.52139405751859158044680953026,25.03215974206012006675337033812],[121.52215613529817517246556235477,25.03314577569969401338312309235],[121.52281634077023397821903927252,25.03423843033970541682720067911],[121.52313136703887153089453931898,25.03474694649731802087444521021],[121.5232822222965012315398780629,25.03497346823806779525511956308],[121.52336057689994675001798896119,25.03509237146628407799653359689],[121.52342140362392797214852180332,25.03517590630121958383824676275],[121.5239045978942016290602623485,25.03528136478132637421367689967],[121.52431113599888590215414296836,25.03507830108597431717498693615],[121.52577126044781152813811786473,25.03436760884753908840139047243],[121.52680971937154197348718298599,25.03399710833366142992417735513],[121.52814779407023593194026034325,25.03383031400057845416995405685],[121.52924420369632230176648590714,25.03372016067445571252392255701],[121.53087042405262252486863872036,25.03360549831279513455228880048],[121.53240362662444340458023361862,25.03352124426112723654114233796],[121.5342506892042706567735876888,25.03345295355259025882332934998],[121.5351522427073263088459498249,25.03338736099148320590757066384],[121.53605281111629210499813780189,25.03334993007574382772872922942],[121.53757328672656967682996764779,25.03335453135515820122236618772],[121.53931389121649431217520032078,25.03333296638303195891239738557],[121.54299005822564083700854098424,25.0332100962399231036670244066],[121.54576018785559199386625550687,25.03311040682617516495156451128],[121.54863485067926376359537243843,25.03304257242732688837349996902],[121.55105050498877972131595015526,25.03295361923147055449589970522],[121.55560593067225738650449784473,25.03278618740247551954780647065],[121.55940397758780591175309382379,25.03265636602192500959063181654],[121.56188285908029911297489888966,25.03257499418959497461401042528],[121.56840620818722698004421545193,25.03237363419551897436576837208],[121.5711635768868319473767769523,25.03235893768327358088754408527]]}},
{"type":"Feature","properties":{"Layer":"railways","PaperSpace":null,"SubClasses":"AcDbEntity:AcDbPolyline","Linetype":null,"EntityHandle":"2E4","Text":null},"geometry":{"type":"LineString","coordinates":[[121.52891643914314556695899227634,25.01924020582778140919799625408],[121.52880293819728763082821387798,25.01942353928091122838850424159]]}},
{"type":"Feature","properties":{"Layer":"railways","PaperSpace":null,"SubClasses":"AcDbEntity:AcDbPolyline","Linetype":null,"EntityHandle":"2E5","Text":null},"geometry":{"type":"LineString","coordinates":[[121.53138796073797323060716735199,25.01681002670490627792787563521],[121.5314668135498834544705459848,25.01666656227159180048147391062]]}},
{"type":"Feature","properties":{"Layer":"railways","PaperSpace":null,"SubClasses":"AcDbEntity:AcDbPolyline","Linetype":null,"EntityHandle":"2E6","Text":null},"geometry":{"type":"LineString","coordinates":[[121.52871341919507131024147383869,25.01936967715560555802767339628],[121.52891643914314556695899227634,25.01924020582778140919799625408],[121.52984608480961981058499077335,25.01832299577801066448046185542],[121.53029571794621688241022638977,25.01787124480086887956531427335],[121.53074306385308034350600792095,25.01745152060417609618525602855],[121.53116213642975651509914314374,25.01703622243310221051615371834],[121.53130899469675796353840269148,25.01688590415713875358960649464],[121.53138796073797323060716735199,25.01681002670490627792787563521],[121.53154148820451041501655708998,25.0167059939731011297681106953]]}},
{"type":"Feature","properties":{"Layer":"p","PaperSpace":null,"SubClasses":"AcDbEntity:AcDbPolyline","Linetype":null,"EntityHandle":"2E7","Text":null},"geometry":{"type":"LineString","coordinates":[[121.51371783138557702841353602707,25.0488219645575824756633664947],[121.51077636333640441534953424707,25.04980289942657734059139329474],[121.50690424188103122560278279707,25.05057419776937166489005903713],[121.50408603513446337274217512459,25.05134919430983941879276244435],[121.50342392741185904014855623245,25.05168645865300192099311971106],[121.50283120654040658337180502713,25.05217308436156642414971429389],[121.50092143763198748729337239638,25.05333330037321815098039223813],[121.49968562022004903155902866274,25.05412983565986451139906421304],[121.49864626678568413353787036613,25.05467291910477811711643880699],[121.49746939649307364561536815017,25.05485908195526789654650201555],[121.49639257551791615696856752038,25.05472369361680762267496902496],[121.49547589459427854308160021901,25.05448205803876859931733633857],[121.49453668106075099331064848229,25.05376651872337845361471408978],[121.48880209785484396434185327962,25.04903195525940162724509718828],[121.48859737946882830783579265699,25.04888140434406551548818242736],[121.48792930456765759572590468451,25.04831845624846664577489718795],[121.48760372533797635696828365326,25.04813724834948374109444557689],[121.48687928494307186610967619345,25.04795999978656695361678430345],[121.48598925817225335777038708329,25.048205259044369341836500098],[121.48528633132457343890564516187,25.04889205211017255692240723874],[121.48392027769151013671944383532,25.0516498282964761301627731882],[121.48219340790311093769560102373,25.05514743430754265318682882935],[121.48061748395556946888973470777,25.05833945665242978861897427123],[121.47917588380309439344273414463,25.06106861880133251929692050908],[121.47821725146251026217214530334,25.06285512950975302715050929692],[121.47708210612859147659037262201,25.06431342673489481853721372318],[121.47561111167682668110501253977,25.06561972494569801028774236329],[121.47421880019332718347868649289,25.06641510343805379079640260898],[121.4710073937412886380116106011,25.06807464459487277963489759713],[121.47017175095314200916618574411,25.06847146754951793923282821197],[121.46925792340539373981300741434,25.0687377009240606184903299436],[121.46824605069686242586612934247,25.06875339819314163491981162224],[121.46741677138950876724265981466,25.06856003087707662757566140499],[121.46680543563837773035629652441,25.06825799735955584424118569586],[121.46618681924992699805443407968,25.06779543032992663142977107782],[121.46550301681345729321037651971,25.06693900928153340146309346892],[121.46424160960320648428023559973,25.06521559518447972436661075335],[121.46359154946705416477925609797,25.06430179566790528156161599327],[121.46305676797517492104816483334,25.06365070544368123250933422241],[121.4621481376474889657401945442,25.06298528303356931701273424551],[121.46114342102416117086249869317,25.06266564534286089838133193552],[121.45998805295577938068163348362,25.06253477863040757256385404617],[121.45838734313730356006999500096,25.06238324938795614116315846331],[121.45679997171814079592877533287,25.06223318155873869272909360006],[121.45232608237854776689346181229,25.06178131535300224186357809231],[121.45067398915104206480464199558,25.0615362678845308153086079983],[121.45001506316883421732200076804,25.06142659075198508844550815411],[121.44811573399231008352217031643,25.06124242259390655362949473783],[121.4473384382087459698595921509,25.06113400680179381652123993263],[121.44658093488872907528275391087,25.06086234635566611927970370743],[121.44503477889678322299005230889,25.06003031934792701918013335671],[121.44355144246276267949724569917,25.05922606291574794568077777512],[121.44211759851016552147484617308,25.05834775983323936543456511572],[121.4413498592707867373974295333,25.05767147699166130792036710773],[121.44028479148610699667187873274,25.05624873474743452561597223394],[121.43897460513832697870384436101,25.05450956863801081908604828641],[121.43870378354772299189789919183,25.05416817315262889565019577276],[121.43537938568125866822811076418,25.04997581650303928313405776862],[121.42928507332018739361956249923,25.04225531404267002244523609988],[121.42598227958426093664456857368,25.03810783268531281464674975723],[121.42515089421399920865951571614,25.03716469054597837384790182114],[121.42352478708684770936088170856,25.03561784746328910955526225735],[121.42161053430226047566975466907,25.03434902947477525003705522977],[121.42028263890821904169570188969,25.03346656758255051045125583187],[121.4194120309444286931466194801,25.03328398351475669869614648633],[121.41755602325821428166818805039,25.03319287091630940267350524664],[121.41618351556101629284967202693,25.03313143322515443855991179589],[121.415107407929667715507093817,25.03283580654645135155078605749],[121.41357349201382476167054846883,25.03221675332503082245239056647],[121.4125074391352114844266907312,25.0314800727923056911095045507],[121.41180939246586945046146865934,25.0309377022538761536907259142],[121.4107149643507028713429463096,25.03043060663858554448779614177],[121.40909223145366979679238284007,25.03009077025096473789744777605],[121.40541737790320553358469624072,25.03010800113985112602676963434],[121.40439532588993643003050237894,25.03022689882396178973067435436],[121.40153798713330957070866134018,25.03127754142551353311318962369],[121.39979688443497707339702174067,25.03194296153622389056181418709],[121.39826595776996498443622840568,25.03230904647365662185620749369],[121.39704268615282956034207018092,25.03276218574379541337293630932],[121.3952163671616943929620902054,25.03395335792913201089504582342],[121.39332211065308797515172045678,25.03521785579650327235867734998],[121.39209716324390342379047069699,25.0361873529561087536876584636],[121.39026265778186086663481546566,25.03777901509712933147966396064],[121.38946094978371093020541593432,25.03830250988629657626916014124],[121.38832729907520047163416165859,25.03866532892995877546127303503],[121.38733303350667824815900530666,25.038880743413177043521500309],[121.38504721911590422678273171186,25.03936299329103576383204199374],[121.38444333384585149815393378958,25.03974124345582552564337674994],[121.38405830928837758619920350611,25.04028212346893056405860988889],[121.38397885636157980115967802703,25.04061779225781592117527907249],[121.38403363664659195819695014507,25.04178064635362943590735085309]]}},
{"type":"Feature","properties":{"Layer":"br","PaperSpace":null,"SubClasses":"AcDbEntity:AcDbPolyline","Linetype":null,"EntityHandle":"2E8","Text":null},"geometry":{"type":"LineString","coordinates":[[121.62145783431743950586678693071,25.05783887484385985544577124529],[121.62177603100353451281989691779,25.05742803682101538242932292633],[121.62194849039167365845059975982,25.05701161233010054729675175622],[121.62182770880855287032318301499,25.05676790415879295892409572843],[121.62158905563246946712752105668,25.05655729075543547423876589164],[121.62107827873010990060720359907,25.05630664771726756612224562559],[121.62024721040152996920369332656,25.05591708861322430834661645349],[121.6200251792713658005595789291,25.05581461739238591235334752128],[121.61992780216299081530451076105,25.05575220119633073068143858109],[121.61979139495080914912250591442,25.0555992326590590835166949546],[121.61960769190352493751561269164,25.05540567533463658378423133399],[121.61944262638186842195864301175,25.05518550478868178288394119591],[121.61923821371460974205547245219,25.05483662323640103863908734638],[121.61898263277377907343179685995,25.05450523997589939995123131666],[121.61876347766531125671463087201,25.05442153367294721988400851842],[121.61864638735393384649796644226,25.05441729732522659901405859273],[121.61831593926878269940061727539,25.05444949561568535045807948336],[121.61789188460754473908309591934,25.05450488096362704482089611702],[121.6175060674456460674264235422,25.0545637794763926819996413542],[121.61729119240067120699677616358,25.05459344925810682980227284133],[121.6171772951527003669980331324,25.05462745794806522781072999351],[121.61709306395387386601214529946,25.05468625895587564400557312183],[121.61704397909747399353364016861,25.05473947986989458058815216646],[121.61699787216893753338808892295,25.05480856906475395362576819025],[121.61696821744254748409730382264,25.05490643552741403254913166165],[121.61697488664219690690515562892,25.05510558394687592453919933178],[121.61703304115712853672448545694,25.05585151832485735212685540318],[121.61709377729779646415408933535,25.05655666505882095407287124544],[121.61717820098614595281105721369,25.05743164737251760243452736177],[121.61720328125313983491651015356,25.05769781242258886777563020587],[121.6172026811382806954497937113,25.05791022400596901320568576921],[121.6170674854785431762138614431,25.05834270817603481873447890393],[121.61683409746009942864475306123,25.05859155204856492105136567261],[121.61664810718308160630840575323,25.05871195556029817907983670011],[121.61621131423727604214946040884,25.05898669278079182731744367629],[121.61581246439494918831769609824,25.0591926914421456729087367421],[121.61529371615715433563309488818,25.05948194647788795919041149318],[121.61487125802754860615095822141,25.05976705185300446032670151908],[121.61463608098789279665652429685,25.05998792703189081976233865134],[121.61385678104761609574779868126,25.06091727237086530521992244758],[121.61315971947225023086502915248,25.06161175355243742046695842873],[121.61248217861023590558033902198,25.0622760192706479642765771132],[121.61228881711257088227284839377,25.06251944468167636159705580212],[121.61213269669740100198396248743,25.06278127031077218589416588657],[121.61202048656427621153852669522,25.063055721474263748405064689],[121.61175405826652706764434697106,25.06360660663443695739260874689],[121.61150275738927462043648120016,25.06410897005770621603915060405],[121.61133576697127978150092530996,25.06442444490608423279809358064],[121.61125801248246602881408762187,25.06461474688458679338509682566],[121.6111904033296866600721841678,25.06483923391444790240711881779],[121.61115666102936927472910610959,25.06499273451781917287917167414],[121.61114789708962291570060187951,25.06518636900836582981355604716],[121.61114539472433193623146507889,25.06533076132772208666210644878],[121.61116451913549951768800383434,25.06550050259958339893273659982],[121.61120673097973110543534858152,25.06564192014600322977457835805],[121.61131187561099409322196152061,25.06589534412439590482790663373],[121.61146013791999109798780409619,25.06612875198068124404926493298],[121.61155204605825019825715571642,25.06627287652005620088857540395],[121.61159823224720355483441380784,25.06635611831310939123795833439],[121.61167469592317047499818727374,25.06645000629029951255688501988],[121.61177557181372321792878210545,25.06658754066221916900758515112],[121.61200714816506263105111429468,25.06693539901020173488177533727],[121.61216177395480997347476659343,25.0672370768139280983177741291],[121.61221145892598372029169695452,25.06743837955238518588885199279],[121.6122476130081793144199764356,25.06768134342480180976053816266],[121.61224968510245503239275421947,25.06826602807514348114636959508],[121.61223665242202685021766228601,25.06845361128778293391405895818],[121.61221166273851679306972073391,25.06857969736294577955959539395],[121.61215719949532854116114322096,25.06874131114227921557358058635],[121.61206370614833360832562902942,25.0689168989000989995474810712],[121.61199619890180656511802226305,25.06902133862521253604427329265],[121.61191893129854690869251498953,25.06914317802110403476945066359],[121.6117902916091253473496180959,25.06929911422001211462884384673],[121.61163417119395546706073218957,25.06945089131422221839784469921],[121.61142847903684582888672593981,25.06962946261698377270477067214],[121.61127206422578694855474168435,25.0697587884461867702157178428],[121.6102307972180511796977953054,25.07051851532104436159897886682],[121.60981858633060426200245274231,25.07074352485062007644955883734],[121.60951163330364011017081793398,25.07090125896123922188962751534],[121.60920616357918788708047941327,25.07106161330417393173775053583],[121.60894280379258702851075213403,25.0711839891155889858964656014],[121.60823838231956983690906781703,25.07151559905329207822433090769],[121.60741090335640990360843716189,25.07189816522488357009024184663],[121.60657613243309072004194604233,25.07228983240573683133334270678],[121.6064342449278115054767113179,25.07238903356874359928951889742],[121.60635947968982861766562564299,25.07247083536678644577477825806],[121.60629485978779484867118299007,25.0725809487464879055096389493],[121.60624369151420864909596275538,25.07273462425567345235322136432],[121.60624985118242591397574869916,25.07289559668332046271643775981],[121.60627386709484198945574462414,25.07300679168326240642272750847],[121.60633698104867050915345316753,25.07313305254996649296117539052],[121.60642849288470301871711853892,25.07326742572154287813646078575],[121.6069520986549576946345041506,25.0739245004076352074662281666],[121.60716834377309680803591618314,25.074272507139355070648889523],[121.60726054630723069749365095049,25.07451790346729936231895408127],[121.60732607204292321512184571475,25.07482641346389584668941097334],[121.60734071257792265896569006145,25.07506738331635531835672736634],[121.60731262041446143484790809453,25.07538761424571305269637377933],[121.60726961596587614167219726369,25.07594304875307500424241879955],[121.60723724373883669613860547543,25.07690067598434069395807455294],[121.60726404508940845516917761415,25.07780302349098633385438006371],[121.6074147871177899560279911384,25.07862925337445147988546523266],[121.60746347567206271378381643444,25.0792303867339754219756287057],[121.60744405686504876484832493588,25.07963384467156586765668180306],[121.60741368879467927399673499167,25.07982348205703360122242884245],[121.60733662500398111205868190154,25.08006579578168526722947717644],[121.60726542648561121495731640607,25.08025480692247555225549149327],[121.60685133599359630807157373056,25.08102871838115888181164336856],[121.60666673843560658951901132241,25.08132531075817084342816087883],[121.60654018216347083125583594665,25.08148582578939311815702239983],[121.60636346535756047160248272121,25.08166193879994310123038303573],[121.60618563890551513395621441305,25.08180163019218156250644824468],[121.60599317191839929819252574816,25.08192038544045487924449844286],[121.60569159727825194750039372593,25.08207098805531387597511638887],[121.60547294037819199274963466451,25.08213239096126301319600315765],[121.60520630826788135436800075695,25.08219281446722703776686103083],[121.60434954823473674423439661041,25.08231933249569678423540608492],[121.60337878904728370343946153298,25.08256091829248290991927206051],[121.60279292986517418739822460338,25.08290818774631247833895031363],[121.60237107185034233225451316684,25.08318781877677849934116238728],[121.60236620299488663476950023323,25.08318998260110532783073722385],[121.60204828938175580788083607331,25.08337259487835879667727567721],[121.60129237127036105903243878856,25.08370155164158177285571582615],[121.60050670784937665303004905581,25.08388704481997422135464148596],[121.599594578739470307482406497,25.08397324859742383296179468744],[121.59771876726684070035844342783,25.08392311176588407306553563103],[121.5958222461743076792117790319,25.08361858827036527941345411818],[121.59559652377240013265691231936,25.08357701939567263593744428363],[121.59536952188062741697649471462,25.08350632099832111521209299099],[121.59511212927267820305132772774,25.08336474461731313567725010216],[121.59472422869363583686208585277,25.0830789814409200744194095023],[121.59294299756827228975453181192,25.08171379430618941341890604235],[121.59292696431418789870804175735,25.08169891398813788896404730622],[121.59205376340179327598889358342,25.0809921070528112352349126013],[121.59174292661339222831884399056,25.08071652697730158365629904438],[121.59113627855100503438734449446,25.0801452439769576585604227148],[121.59010846317173104580433573574,25.07915499396742475823884888086],[121.58955984507208825107227312401,25.07867370058859179948740347754],[121.58933930856736083114810753614,25.07853284675777771894900070038],[121.5889744954213256278308108449,25.07841038086316842736778198741],[121.58791642520093034818273736164,25.0781388510322571505639643874],[121.58637414164753920431394362822,25.0779758959247729421804251615],[121.58497912398617302187631139532,25.07797111684851287805031461176],[121.58367989822455967896530637518,25.07797553185350025728439504746],[121.58236651881345835590764181688,25.07797697788299018384350347333],[121.57975908821489952060801442713,25.07796957851920893745045759715],[121.57943750597587495576590299606,25.07800466267811145826271967962],[121.5791119267461652952988515608,25.07807391822443676687726110686],[121.57897550821103038742876378819,25.07811567356710114040652115364],[121.5787832563594719204047578387,25.07818367275056559151380497497],[121.57794400155999881008028751239,25.07855647025730760901751636993],[121.57704583361001482444407884032,25.07893756841414045766214258038],[121.57523761996722555522865150124,25.07967442524054391128629504237],[121.57397522766299857721605803818,25.08014154692448371974933252204],[121.57257761705311338573665125296,25.0806028110452423618426109897],[121.57121525469183609402534784749,25.08102908244332596154890779871],[121.56918700275284095368988346308,25.08172632617841202318231808022],[121.5689752415109268213200266473,25.08174679558398523226969700772],[121.56851763703890867418522248045,25.08176059909904154210380511358],[121.56745107462873534132086206228,25.08180919853528223484318004921],[121.56641480102861407885939115658,25.0818565468174377031118638115],[121.56602508878241053480451228097,25.08192724616760926892311545089],[121.56565321013454195053782314062,25.08201056448920951424952363595],[121.56534466057603083299909485504,25.08210867585510328581221983768],[121.56499608449662730436102719977,25.08222329284351914679973560851],[121.56456238270786229804798495024,25.08241636169513810727949021384],[121.56403607075978356988343875855,25.082676703942752283182926476],[121.56352699229539382486109388992,25.08294957738369745925410825294],[121.56155538892309664333879482001,25.08400860279386179740868101362],[121.56141530176198273238696856424,25.08408299783465622567746322602],[121.56130836810946505011088447645,25.08411005056554898828835575841],[121.56101682557608967272244626656,25.08420905756172203382448060438],[121.56082070128594807556510204449,25.08427596633052658603446616326],[121.56061349185762310298741795123,25.08434171112086374932914623059],[121.5601406580587422467942815274,25.08448337353924983972319751047],[121.55922206356183323805453255773,25.08467310083434398393364972435],[121.55914321074982353820814751089,25.08468310968192227505824121181],[121.55906764158453370328061282635,25.08467823857279910271245171316],[121.5589594057962301576480967924,25.08466146657350392956686846446],[121.55882478760533160766499349847,25.0846135809902825997141917469],[121.55798365320129050815012305975,25.08424124802153087898659578059],[121.55782476999362984315666835755,25.08420942161442468432142050005],[121.55775785153896606516354950145,25.08419174711023202917203889228],[121.55766715495306584671197924763,25.08418128187460638400807511061],[121.55750873598522332486027153209,25.08415738770271374846743128728],[121.55728162086423083110275911167,25.084164156009382651291161892],[121.55716494950085859727550996467,25.08417415977107722824257507455],[121.5570152944726913801787304692,25.08419373145417807791091036052],[121.55630598149835464028001297265,25.08440131826456109820355777629],[121.55585954142512150610855314881,25.08453152580286982242796511855],[121.55523207051351164409425109625,25.08472765724766162520609213971],[121.55386034409774254072544863448,25.08513713722022231422670301981],[121.55314726059121710477484157309,25.08535662325415316331600479316],[121.55283572178186091150564607233,25.08544968139887743063809466548],[121.55270599509215401212713913992,25.085476287739556511269256589],[121.55259864249157431004277896136,25.08549197773540839762063114904],[121.55242132557089007605100050569,25.0855016275945814641090692021],[121.55220735635957396425510523841,25.08550316070179420080421550665],[121.55202645007346973216044716537,25.08548494287477126363228308037],[121.55173094451819792993774171919,25.08547826693522608820785535499],[121.55153648469720906177826691419,25.0854291203183947800425812602],[121.55106485112789016511669615284,25.08525761718623314777687483002],[121.5505088618076001694134902209,25.08492929015665140468627214432],[121.55009646975349824060685932636,25.08469835368844869094573368784],[121.54994293096395097109052585438,25.0846124119234552551915840013],[121.54943276549924746632314054295,25.08405224303589875489706173539],[121.54929455794288628567301202565,25.08377495725738626219936122652],[121.54916354044033255377144087106,25.08342705444815123883017804474],[121.54858515438516519679978955537,25.08112953792370447558823798317],[121.54853060055863522848085267469,25.08099310181454200119333108887],[121.54822265111469903331453679129,25.08040342205337935865827603266],[121.54760602756009291169903008267,25.07982618947560737865387636703],[121.54736636664421212117304094136,25.07967396887586986053975124378],[121.54669270954367732429091120139,25.07922551540787381441077741329],[121.5457208520330141254817135632,25.07849957284325270734370860737],[121.5450480781201321178741636686,25.07796642494407990398030960932],[121.54455623313936030172044411302,25.07752806182643467991510988213],[121.54445616117604345163272228092,25.07712765824595990693524072412],[121.54502818375050310351070947945,25.07652372502571935797277546953],[121.54750059985585153299325611442,25.07464361921821449641356593929],[121.5488999881641660749664879404,25.07150910696124412879726151004],[121.55312345981427313290623715147,25.06404041945447858097395510413],[121.55329441325406492069305386394,25.0631474426739835337230033474],[121.55260094104421852989617036656,25.06264688050699618315775296651],[121.55159662072320259085245197639,25.06265860404239020908789825626],[121.55071307066229735482920659706,25.06269090273562127890727424528],[121.55012991765794083676155423746,25.06271209329947780020120262634],[121.54976999601319676003186032176,25.06274293551247112077362544369],[121.54750825414959081172128207982,25.06428050281224528816892416216],[121.54717719462679781372571596876,25.06447342046236670398684509564],[121.54633894756723577756929444149,25.06501185797588249215550604276],[121.54470587684454585541971027851,25.06631968721498537888692226261],[121.54459605584749226636631647125,25.06635567215530357998432009481],[121.54447439107663342383602866903,25.06635476445493537767106317915],[121.54436466066290734033827902749,25.06632193851766743364350986667],[121.54423055200335568315495038405,25.06627097906600099008755933028],[121.54413486201003991027391748503,25.06615237787305616734556679148],[121.54406905320139742343599209562,25.06601638149202671002058195882],[121.54405352947865992518927669153,25.06576655781335816186583542731],[121.54402952488915445883321808651,25.06490777894239130318965180777],[121.54400752445640421228745253757,25.06438142845367877953322022222],[121.54398681483644395484589040279,25.06391640569001211247268656734],[121.54396869816517323670268524438,25.06342162121341843317168240901],[121.54387299684884737871470861137,25.0611000101743712775714811869],[121.54386085867906786006642505527,25.06052466621201446628219855484],[121.54384354593496198049251688644,25.06011744766593096755968872458],[121.54373421182351933111931430176,25.05753564557005219626262260135],[121.54371520064152889517572475597,25.05683419709639636607789725531],[121.54366431544093529737438075244,25.05445264979626784906940883957],[121.54360587785291158979816827923,25.052836939648546632497527753],[121.54358367360762827047437895089,25.05217803369616191844215791207],[121.54356394908172944724356057122,25.05140377069620427619156544097],[121.54348021609142449506180128083,25.04953825078947104998405848164],[121.54336083855021399813267635182,25.04655391691019161726217134856],[121.54330398617105402081506326795,25.04427654863133767548788455315],[121.54325988339924435877037467435,25.04323305465220173005036485847],[121.54323390862168707826640456915,25.04174276149310784944646002259]]}},
{"type":"Feature","properties":{"Layer":"b","PaperSpace":null,"SubClasses":"AcDbEntity:AcDbPolyline","Linetype":null,"EntityHandle":"2E9","Text":null},"geometry":{"type":"LineString","coordinates":[[121.41648807945192345414398005232,24.96030525643154263093492772896],[121.41693593489013380803953623399,24.9606155009733043925734818913],[121.4173171662696404382586479187,24.96087980232411851488905085716],[121.4203431712363112637831363827,24.96295779251253676989108498674],[121.42316656388005924327444517985,24.96376250000758645342102681752],[121.42374791654012256003625225276,24.96407852018996464948941138573],[121.42481058386591996622883016244,24.96477778355799870269038365223],[121.42538985310879695589392213151,24.96511049709554797004784632009],[121.4261546144203549602025304921,24.96526764330176106909675581846],[121.42867482456935590562352444977,24.96601772650950223919608106371],[121.42939758917209758237731875852,24.96633733873425597948880749755],[121.42978767507466386632586363703,24.96643057955369471301310113631],[121.43015568128400616387807531282,24.96646479230099302526468818542],[121.43163173708076385537424357608,24.966532037310056324486140511],[121.43280810916492384876619325951,24.96680877718346991400721890386],[121.43372858326651453353406395763,24.96743266113060144562041386962],[121.43568415338472732400987297297,24.96888974152689399943483294919],[121.43628324905984072756837122142,24.96929708310287310268904548138],[121.4401363480103981373758870177,24.97115696046342137037754582707],[121.44159189799975706591794732958,24.97294180842641608819576504175],[121.44261692794083273838623426855,24.97397335688290098687502904795],[121.44375645524469575775583507493,24.97519378745350593362672952935],[121.44561853201584256112255388871,24.97679491832597520328818063717],[121.44672032002874573208828223869,24.97813075876904775896036881022],[121.44743212404540599891333840787,24.97998833693113240883576509077],[121.44732230304836662071465980262,24.98344792173116246658537420444],[121.44740633043461741635837825015,24.98611349604618681041756644845],[121.44750062770881982032733503729,24.98910524684329104161406576168],[121.4477613945468164047269965522,24.99150222499824636201992689166],[121.44815477541901316271832911298,24.99292193620171076418046141043],[121.44852485372260275653388816863,24.9937873509047037146046932321],[121.44877198776538307356531731784,24.99425399416265136665060708765],[121.44917332864999082175927469507,24.99461252025782087571315059904],[121.44963770422789650638151215389,24.9952954620856964140784839401],[121.45048341309154693590244278312,24.99714611042904621740490256343],[121.45087062297253055476176086813,24.99833626844672451738915697206],[121.4511878458875600017563556321,24.99932310737816365531216433737],[121.4512624073129529733705567196,24.99955528732337839414867630694],[121.45186647374977439994836458936,25.00121312660949612904914829414],[121.45219754459547800706786802039,25.00212586199932829345016216394],[121.45236759220175315476808464155,25.00258849713219788668538967613],[121.45303258726885076157486764714,25.00387732541193486213160213083],[121.45385312528216559257998596877,25.00560169380317887544151744805],[121.45425516818778532979195006192,25.00636605616695717912989493925],[121.45471246694103228946914896369,25.00699515233630165766953723505],[121.45741519123077978292712941766,25.0089470369532023141800891608],[121.45796438679926154691202100366,25.00949292678872026840508624446],[121.46046956011096540350990835577,25.01247554559603969437375781126],[121.4611159516212808284763013944,25.01443510544257620153985044453],[121.46176441522568723030417459086,25.01518677667949930309987394139],[121.46266877681271978417498758063,25.01627137753133922615234041587],[121.46276675403595390889677219093,25.01649207453163370473703253083],[121.46283464626169745770312147215,25.01670626588046530969222658314],[121.46286332721699352532596094534,25.01703431908680741457828844432],[121.46289359338106805807910859585,25.01756926597331442962968139909],[121.46290783761392617634555790573,25.01793864638201370098613551818],[121.46292554666017338149686111137,25.01816465534126976422157895286],[121.46297653376699088312307139859,25.01829819096997553629080357496],[121.46309271824483744239842053503,25.01847718563572442462827893905],[121.46397934813981578372477088124,25.0196209497447803471459337743],[121.46530706236715957402338972315,25.02119604609377390147528785747],[121.46547175423243913883197819814,25.0214243935255673534356901655],[121.4658879281416972162332967855,25.02195598671224630038523173425],[121.46685581130765285706729628146,25.02352447125516476944540045224],[121.46719811448947723420133115724,25.02406533042264769051143957768],[121.46746675075655730324797332287,25.02452202444576911943840968888],[121.46976363896264672348479507491,25.02848438833412814119583345018],[121.47036559933644639386329799891,25.02938085962940206741222937126],[121.47179377050628090728423558176,25.03099706350294795242916734423],[121.4723140133694840869793551974,25.03154556890867610263740061782],[121.47485202314797447797900531441,25.03435660587863864634527999442],[121.47603018425347443098871735856,25.03556525431200086018179717939],[121.47631147954469099659036146477,25.03577364165375129800850118045],[121.47659990827521880873973714188,25.03598059237549833255798148457],[121.47692221518107658084772992879,25.03617896107270723859983263537],[121.47727187826076544752140762284,25.03628379289042982236423995346],[121.47800717733549902277445653453,25.03639654970275074674646020867],[121.47846188314001381058915285394,25.03641828853946549315878655761],[121.47891203713103891459468286484,25.03637842203370311722210317384],[121.48095710360554733142635086551,25.03631861199176356080897676293],[121.48299661052659814686194295064,25.03626962005658995735757343937],[121.48729176758051551132666645572,25.03615064102672604917643184308],[121.49169924799677744431392056867,25.03584815831647603090459597297],[121.49876445542034275604237336665,25.03557699069648379008867777884],[121.50077656087594846212596166879,25.03549264053749823233374627307],[121.50123715459869799815351143479,25.03547774947628568043000996113],[121.50189499358070577272883383557,25.0354514092722979512473102659],[121.50223817995031083682988537475,25.03542949585972010595469328109],[121.50243055635398548020020825788,25.03543211192744522008979402017],[121.5025889526760067838040413335,25.03545871887182983073216746561],[121.50281159524375595992751186714,25.03548813167003217472483811434],[121.50306758380970961752609582618,25.03559485174799092987996118609],[121.50345090992918528627342311665,25.0358083736978933586669882061],[121.50370469052580801871954463422,25.03594820970163326023794070352],[121.50421416529242435444757575169,25.03622867117565320427274855319],[121.50450331868981379557226318866,25.03640340784962248221745539922],[121.50495166101364930000272579491,25.0366791850564816002133738948],[121.5053140850235990910732652992,25.03696234809548215594077191781],[121.50557065105840592877939343452,25.03718489553466497454792261124],[121.50592730037946864740661112592,25.03754682022939093144486832898],[121.5061875690090005264210049063,25.03790107534178233095190080348],[121.50651603558308977426349883899,25.0383367846957440860933274962],[121.50671128800838971528719412163,25.03902155562878562022888218053],[121.50720762818832554330583661795,25.04074669219347271109654684551],[121.50787699390234308793878881261,25.04293465175907940079014224466],[121.50817978009484932044870220125,25.04380738726220911871678254101],[121.50819590393236069303384283558,25.04385727379510129253503691871],[121.50830254318901779697625897825,25.04443088539799688874154526275],[121.50861638055110347522713709623,25.04542682731980107746494468302],[121.50927212479282957247050944716,25.04731911161078272698432556354],[121.50962448272737503884854959324,25.04768027807550723196072794963],[121.50976935948341406401596032083,25.04779041373488013277892605402],[121.50983814621983469805854838341,25.04784264774094992844766238704],[121.51007622192696544516365975142,25.04788620854617775535189139191],[121.51024427669945282559638144448,25.04789216334242851758062897716],[121.51041143696123469908343395218,25.04786582580466358649573521689],[121.51083071335044394345459295437,25.04780422107642579021558049135],[121.51116506784278215036465553567,25.04769174146197485697484808043],[121.51206374532419829392893007025,25.04749410432264866699370031711],[121.51335490916707726682943757623,25.04716955875757733451791864354],[121.51688253079427681768720503896,25.0463423011722277067292452557],[121.51808836511523281842528376728,25.04603849977321772257710108534],[121.51959868406666487317124847323,25.04566126920909496789136028383],[121.52227599972484028967301128432,25.04495199751596956616594980005],[121.52279453282707777361792977899,25.04480550387961557134985923767],[121.5236924290270792425872059539,25.04456123287879165673075476661],[121.52447879446917511359060881659,25.04434203278599824216144043021],[121.52614422609600808300456264988,25.04390147716499370744713814929],[121.52691108214753512584138661623,25.04369192904582064329588320106],[121.52768898936876951211161212996,25.04348454509428023584405309521],[121.53225567003426021983614191413,25.04224159840296692891570273787],[121.53304722137350779576081549749,25.04209763538596433818383957259],[121.53499114020746674214024096727,25.0418084316548110734856891213],[121.53587239171562828232708852738,25.04167004879003499695500067901],[121.5365901629108549286684137769,25.04159500221838996480983041693],[121.53737793239503162112669087946,25.04156739639392270646567340009],[121.53811481667852945065533276647,25.0415452070924011707120371284],[121.53884663961696332989959046245,25.0415306860748323458665254293],[121.5410612781352028832770884037,25.04146925255968270107587159146],[121.54321667513808336025249445811,25.0413898664813920902361132903],[121.54828376091175812234723707661,25.04133493171599056381637637969],[121.55019415258077231101196957752,25.04127305185366836326466000173],[121.55242212949819702316744951531,25.04120720187967563674646953586],[121.55691393169659875184152042493,25.04105286105587779843517637346],[121.55821954358484049407707061619,25.04102434722139491896086838096],[121.55968962088013540778774768114,25.04096752470508846499797073193],[121.56466273774408648478129180148,25.04079955497709519818272383418],[121.57103086094647892423381563276,25.04057791685834288841761008371],[121.57530879583978844493685755879,25.04041121354281429489674337674],[121.57629439937478821320837596431,25.04034969226813345244408992585],[121.57702113832235113477509003133,25.04033327325341318214668717701],[121.5773075855419875779261928983,25.04033778707211510550223465543],[121.57754715587444138691353145987,25.04040003158924321269296342507],[121.57841337054551900109800044447,25.04078268464236600721051217988],[121.57965813306394409210042795166,25.04152283313242577378332498483],[121.58018792114829409456433495507,25.04194581415539744284615153447],[121.5807280810269759285802138038,25.04246927577193915226416720543],[121.58205179826364883410860784352,25.04419779525922606921994884033],[121.58216938678346252800110960379,25.04434518722665714562936045695],[121.58266999570408017916633980349,25.04501811732373184327116177883],[121.58367391972306847947038477287,25.04633716182574687536543933675],[121.58406920284559760148113127798,25.04679277790232205802567477804],[121.58452321795212469623947981745,25.04718010922033855081281217281],[121.58493314160975273807707708329,25.04744828147065760504119680263],[121.58569410974324398466706043109,25.04784669967097698872748878784],[121.58598125898389241683617001399,25.04797542275028376934642437845],[121.58633192980336445998545968905,25.04809800113492812556614808273],[121.58730259840740473009645938873,25.04831755354348743480841221754],[121.5892919108260201710436376743,25.04877713722525456319090153556],[121.59112662010059580097731668502,25.04920712504038959878016612493],[121.59244517408592400897759944201,25.04968816490862337786893476732],[121.5935955487467055036177043803,25.04993810855841473994587431662],[121.59503249517928225031937472522,25.05010110096317177408309362363],[121.59533565502817964443238452077,25.05014737929833756879816064611],[121.5972755995173315568536054343,25.05030621699782855671401193831],[121.59976504529377905328146880493,25.05056337576637304209725698456],[121.60418576220303066293126903474,25.0509742367995364986654749373],[121.60551368024287910429848125204,25.05119134783661394294540514238],[121.60665888032940529228653758764,25.05136489380662112580466782674],[121.60775080607936615706421434879,25.05162160414283079035158152692],[121.60829802013701339546969393268,25.05208008299345578961947467178],[121.60984039427368941232998622581,25.05264021860594780832798278425],[121.61084680933498702870565466583,25.05285985006959847964935761411],[121.6124535995612490069106570445,25.05319349445132104392541805282],[121.61336503797306818341894540936,25.05327593477982262015757441986],[121.61615107630505860925040906295,25.05357728207094325512116483878],[121.61671801488851940575841581449,25.0537869056125686029190546833],[121.61707913676278280945552978665,25.0539309523510560495651589008],[121.61764584888787510408292291686,25.05393618369704356041438586544],[121.61826396706790376356366323307,25.05390163116545210186814074405]]}},
{"type":"Feature","properties":{"Layer":"b","PaperSpace":null,"SubClasses":"AcDbEntity:AcDbPolyline","Linetype":null,"EntityHandle":"2EA","Text":null},"geometry":{"type":"LineString","coordinates":[[121.59515376364801397812698269263,25.05018859536490083428361685947],[121.59728097790413414713839301839,25.05042483352789162154294899665],[121.59975787788566492508834926412,25.05063174926786473406536970288],[121.60384554243829313691094284877,25.05100373819663062135987274814],[121.60417790409682936569879529998,25.05102313054019802507355052512],[121.60551854909832059092877898365,25.05119414820795142873066652101],[121.60665290182784303851803997532,25.05139132291245473993512860034],[121.60773608628396402764337835833,25.0516458688117502617842546897],[121.60828169248694052839709911495,25.05210326538487208836158970371],[121.60983124535474075855745468289,25.05266592427268790288508171216],[121.61083993632277611141034867615,25.05288609421578271962971484754],[121.61244893451836901476781349629,25.05322009754211975973703374621],[121.61336055409690004580625100061,25.05329523957437132253289746586],[121.61614339936551232312922365963,25.05360353119231575647063436918],[121.61670625037511683785851346329,25.05381171350308022738317959011],[121.61707276195912186267378274351,25.05395774504626160705811344087],[121.61764665281521047290880233049,25.05396315076925972675780940335],[121.61826575608920109061727998778,25.05392851618494631793510052375]]}},
{"type":"Feature","properties":{"Layer":"b","PaperSpace":null,"SubClasses":"AcDbEntity:AcDbPolyline","Linetype":null,"EntityHandle":"2EB","Text":null},"geometry":{"type":"LineString","coordinates":[[121.41644925316069247855921275914,24.96033865478548818828130606562],[121.42031898548007973204221343622,24.96300112166828455428913002834],[121.42314783577104719825001666322,24.96380745589378946647229895461],[121.42371457054200334368943003938,24.9641155256834998965587146813],[121.42478061209774864437349606305,24.96481704713836435871598951053],[121.42537441996940117405756609514,24.96515210611284985020574822556],[121.4261465638245169884612550959,24.96531557547228530324900930282],[121.42866636634839494490734068677,24.96606565325543414246567408554],[121.42939827987019896227138815448,24.9663951093521205848446697928],[121.42976706736101277783745899796,24.96650766343642047218054358382],[121.43016085585823304882069351152,24.96651677861903451116631913465],[121.43164050102051021440274780616,24.96658411598325599811687425245],[121.43278818082644932019320549443,24.96685427085976627381569414865],[121.43369901912355146578192943707,24.96746362993332368773735652212],[121.43566424769205980283004464582,24.96892277315639319112960947677],[121.43625615331328049251169431955,24.96932479242250124684687762056],[121.4401095579826233006315305829,24.97118476174429346770011761691],[121.44156092981469896585622336715,24.97296446175411333001648017671],[121.44258685426645172356074908748,24.97399700051795079502880980726],[121.44372749121639287750440416858,24.97521843160559029684009146877],[121.44558856024774229354079579934,24.97681883341430264522387005854],[121.44668468680087869415729073808,24.97814773008673583376548776869],[121.44739209752462727465172065422,24.97999384854913529352415935136],[121.44728248034023465606878744438,24.98344792173116246658537420444],[121.44729512804136106751684565097,24.98385222844996889079993707128],[121.44730439018955792107590241358,24.98414454508473170335491886362],[121.44736641714304425931914011016,24.98611448644592769596783909947],[121.44746089558402957209182204679,24.98910759192959929464450397063],[121.4477219681408968199320952408,24.99150836725983992891997331753],[121.44811662850295874704897869378,24.99293284538890347334927355405],[121.44848831466110539167857496068,24.99380152351169570579259016085],[121.44873902674648036281723761931,24.99427510418511744205716240685],[121.44914186225651064887642860413,24.99463498999973154468534630723],[121.4496020596770620159077225253,24.99531188712474616409053851385],[121.45044577570683941303286701441,24.99715792745370279703820415307],[121.45083229488973586285283090547,24.99834646393120962670764129143],[121.45114961971098921367229195312,24.99933312832495602151539060287],[121.45122438494905736661166884005,24.99956593423850748081349593122],[121.45182865519841186596750048921,25.00122439935981333292147610337],[121.45215961281489569500990910456,25.00213732451053161298659688327],[121.45233055493180529538221890107,25.00260176055193284128108643927],[121.45299626334282550033094594255,25.00389203046488262316415784881],[121.45381686929366082949854899198,25.00561648587316199154884088784],[121.45422031624134717731067212299,25.00638373676196124506532214582],[121.45468161198509449150151340291,25.0070182457631133843278803397],[121.45738631778583282994077308103,25.00897906760577527052191726398],[121.45792237876763408621627604589,25.00951531171929431707212643232],[121.46043650850876360891561489552,25.01249575464963825766062655021],[121.46107333215191204089933307841,25.01447299873458263164138770662],[121.4617025807618375665697385557,25.015218267013729303016589256],[121.46262844457324092672934057191,25.01629393565802672583231469616],[121.46270231530057515101361786947,25.01654683572784421130563714541],[121.46274544430129083139036083594,25.01673630907306389303812466096],[121.46278864123945595565601252019,25.01702620293053769273683428764],[121.4628460937334040181667660363,25.01794559277516682982422935311],[121.46287257804229398061579558998,25.01815915569568815612910839263],[121.46290803010356285085435956717,25.01831343297360632504933164455],[121.46303407684435171631776029244,25.01850398607569303521813708358],[121.46394698723565852560568600893,25.01964188098116892433608882129],[121.46527450897336564139550318941,25.02121671029439298195029550698],[121.46543869130729831340431701392,25.02144452415431175040794187225],[121.46585427642469312559114769101,25.02197511175284105888749763835],[121.46682104994452799928694730625,25.02354206216893572900517028756],[121.46716317195973999787383945659,25.02408265962793620929005555809],[121.4674315025079209817704395391,25.02453871233656812478329811711],[121.46972887759956449826859170571,25.02850197853699398820026544854],[121.47033274022379600864951498806,25.02940133777929077041335403919],[121.47147396596562884951708838344,25.03071929344277180007338756695],[121.47228542299751552491215988994,25.03156370755126403082613251172],[121.47482156449433432499063201249,25.03437979162081816753016028088],[121.47600231854842434131569461897,25.03559115335127316370744665619],[121.47628628604857681239082012326,25.03580142831573951411883172113],[121.47657622072740934981993632391,25.03600955365078561953851021826],[121.47690427967644666296109789982,25.03621144114638141786599589977],[121.47725924188243595835956512019,25.03631770406893153335659008007],[121.47799990802116099075647071004,25.03645455925159168941718235146],[121.4784632871821088428987422958,25.0364767546035977829887997359],[121.47891631719461713601049268618,25.03643678552680285065434873104],[121.48095899453308277315954910591,25.03637697551329921452634152956],[121.48299781075603220870107179508,25.03630544454548001453986216802],[121.4872938736435941109448322095,25.03618645529136799154912296217],[121.49170105966388177876069676131,25.03588406500087160111434059218],[121.49317194088644100702367722988,25.03584491645530363257421413437],[121.49761177088393537815136369318,25.03564807068995179406556417234],[121.4987662331187294739720528014,25.03561289233071818216558312997],[121.50077816873059077806829009205,25.03552854219641687905095750466],[121.50123864922412053601874504238,25.0355136562691029666893882677],[121.50189738271667749813786940649,25.03548722887061472874847822823],[121.50223930091929958052787696943,25.03546530520535284836114442442],[121.50242657068629625882749678567,25.03546792640185003619990311563],[121.5025753198808047272905241698,25.03549291240322105522864148952],[121.5027961507814353581125033088,25.03552691613208480703178793192],[121.502944209277941922664467711,25.03560044294395581232492986601],[121.50354767559998947490385035053,25.03589985367964132478846295271],[121.50418848491084133911499520764,25.0362443726083689909955865005],[121.50454185058516998196864733472,25.03646961946778404239921655972],[121.5049180092965599442322854884,25.03670452474604246617673197761],[121.50526459254209044047456700355,25.03697254550229445158038288355],[121.5055963540857959515051334165,25.03727140916534921188940643333],[121.50592312222208590810623718426,25.03755466829692011287988862023],[121.5061751137973402592251659371,25.0379144221471747755458636675],[121.50649969661014893063111230731,25.03834508410193393501685932279],[121.5066941564311093770811567083,25.03902715692732172669821011368],[121.50718303480695681173529010266,25.04072621593737579814842320047],[121.50719048528802090913814026862,25.04075201642984538352720846888],[121.50789453310474641511973459274,25.04293429271294257887348067015],[121.50819631155745526029932079837,25.0438550118213427708724339027],[121.50819720606813234553555957973,25.04386512145882903723759227432],[121.50830254318901779697625897825,25.04443088539799688874154526275],[121.50859924897375208274752367288,25.04543242319666518369558616541],[121.5092564878408865070014144294,25.04732885680031273523127310909],[121.50961263895348452024336438626,25.04769390078432422797050094232],[121.50983138643692882396862842143,25.04786014284543327335086360108],[121.51007601811441816153092077002,25.04790488844871632068134204019],[121.51024766225241080519481329247,25.04791093043744254487137368415],[121.51041662285837219314998947084,25.04788440825887363416768494062],[121.51083629554980802822683472186,25.04782261889502237295346276369],[121.51118657006708190237986855209,25.04773511767572102826306945644],[121.51207510221257734883693046868,25.04752856120858339750157028902],[121.51336526963856954353104811162,25.04720428757448758005921263248],[121.51690165520550124256260460243,25.04637333215184114010298799258],[121.51809911056591317901620641351,25.04607304939201739557574910577],[121.51960824061073651591868838295,25.04569140276588257165713002905],[121.52228614506077519763493910432,25.04498194659785070825819275342],[121.52280459890266683942172676325,25.04483554019283886304947372992],[121.52370566552006891924975207075,25.04459974775541297731251688674],[121.5244917365661763142270501703,25.04438064518570428163002361543],[121.52615697570335839827748714015,25.04394007431584867617857526056],[121.52692402424465001331554958597,25.04373071091376345975731965154],[121.52770193146578492360276868567,25.04352323983128414397469896358],[121.53226661929753049662394914776,25.04228092443090503138591884635],[121.53305607589665271461853990331,25.04213722818180443141500290949],[121.53499522778140828904724912718,25.04183052858173041954614745919],[121.53587599240404415468219667673,25.04169233552533313513777102344],[121.536592167067723835316428449,25.04161737103591534037150267977],[121.53737872499935690484562655911,25.04158985754366639753243362065],[121.5381156206058363977717817761,25.04156766824619850808630872052],[121.53884733031507892064837506041,25.04155305490408522928191814572],[121.54106205941660334701737156138,25.0414916214001443961478798883],[121.54322243850418772126431576908,25.04142117056685279408156930003],[121.54828954692357001476921141148,25.0413664153408497270447696792],[121.54860298798355700000684009865,25.04135451024350444981791952159],[121.55020270138503235557436710224,25.04130327368686437239375663921],[121.55242322782150665716471849009,25.04123390502807922075589885935],[121.5569151319261322896636556834,25.04108867388911718876443046611],[121.55822052867890192828781437129,25.04106025239053678888012655079],[121.55969122873467824774706969038,25.04100333243394516102853231132],[121.56466432295282231734745437279,25.04083536788431629815931955818],[121.571032468801035975047852844,25.04061381702883792854663624894],[121.57531008665256422318634577096,25.04044702143409395489470625762],[121.57629649411495620370260439813,25.0404260065477188845761702396],[121.57702143271829697823704918846,25.04040950034449153349669359159],[121.57729484725743418493948411196,25.04041382950428129561259993352],[121.57751647076239009948039893061,25.04047147297054110026692796964],[121.57837123796173273149179294705,25.04084908368130157896302989684],[121.57960645525893994545185705647,25.04158354852052781325255637057],[121.58012867963297765072638867423,25.0420005742519755642661039019],[121.58066185327028563278872752562,25.0425171778301667302457644837],[121.58198259257920881282188929617,25.0442418189852062937461596448],[121.58209988670314771752600790933,25.04438866720770562324105412699],[121.58259960111301722918142331764,25.04506050968810271228903729934],[121.58326421120084148697060300037,25.04594974065003754049030249007],[121.58359327788977566342509817332,25.04638983755236125716692185961],[121.58399532079539540063706226647,25.04685330603473403243697248399],[121.58445949256073959077184554189,25.04724929499866803439545037691],[121.58487867836663554044207558036,25.0475235091054919678299484076],[121.58564682523105204836610937491,25.04792571740864559615147300065],[121.5859410399734628072110353969,25.04805759475011939230171265081],[121.58630167496222895806567976251,25.04818369668333843947038985789],[121.58727810693243043260736158118,25.04840451580190574532025493681],[121.58926712495501476496428949758,25.04886399657801021589875745121],[121.59109595763435152093734359369,25.04929263004183326302154455334],[121.59243441731230461755330907181,25.04976185248552411621858482249],[121.59309832537911688632448203862,25.04989896449916031428983842488],[121.59357643565847695299453334883,25.05001739678162309132858354133],[121.59464118640144647542911116034,25.05014701514439323659644287545],[121.59515376364801397812698269263,25.05018859536490083428361685947],[121.59533565502817964443238452077,25.05014737929833756879816064611],[121.59556674449387969616509508342,25.05007178911933962695002264809],[121.59604427730437237187288701534,25.04999691694468211267121660057],[121.59663120084098864026600494981,25.05005528421451543863440747373],[121.59795782806794761654600733891,25.05020339231922577027944498695],[121.59943549171937604569393442944,25.05034048845226379853556863964]]}},
{"type":"Feature","properties":{"Layer":"o","PaperSpace":null,"SubClasses":"AcDbEntity:AcDbPolyline","Linetype":null,"EntityHandle":"2EC","Text":null},"geometry":{"type":"LineString","coordinates":[[121.40745418996930027333291945979,25.02280063041308721949462778866],[121.40848459829717853608599398285,25.02281668753910537361662136391],[121.40895882481515855033649131656,25.02286585413811437206277332734],[121.40983828730199434176029171795,25.02296717810537174386809056159],[121.41255712410637102038890589029,25.02426219477032631743895763066],[121.41540700105898054061981383711,25.02578066363921038828266318887],[121.41555744869147304143552901223,25.02590715270165588890449726023],[121.4156659788756655871111433953,25.0260238075432859261582052568],[121.41586201258238020272983703762,25.0262937343150468905150773935],[121.41614806349973321175639284775,25.02685606531466788737816386856],[121.41666510197664763381908414885,25.02795337231824390755718923174],[121.41684144512626630785234738141,25.02824486584592378335401008371],[121.41695853543764371806901181117,25.02838658799144511135637003463],[121.41712092875027906302420888096,25.02856973849867827652815321926],[121.4173285231579058063289267011,25.02873934086729335035670374054],[121.41755940881114383955718949437,25.02888187808285280766540381592],[121.41782206657666165483533404768,25.02898265332303395780400023796],[121.42008867729578014404978603125,25.02962796172586834586581971962],[121.42140364191560308881889795884,25.03001796856453253781182866078],[121.4223538047124151262323721312,25.03029979272210425733646843582],[121.43175898405108625865977955982,25.03315876394772132584876089823],[121.43249037671850487640767823905,25.03338429860232139390063821338],[121.43292459936162686062743887305,25.0334844289413389617493521655],[121.43413560825682395716285100207,25.03367396847302472906449111179],[121.44079804810787948099459754303,25.03474334040735982398473424837],[121.44375547015073379952809773386,25.03533043918395506466367805842],[121.44727531293204947360209189355,25.03603941258507248335263284389],[121.44812887990188698950078105554,25.03622063836088429411574907135],[121.44908590438789985910261748359,25.03641035319768093359016347677],[121.45066293798154788419196847826,25.03675991810989742702986404765],[121.45156809217290572178171714768,25.03694467190441130810540926177],[121.45234331586216569576208712533,25.03709487328215743673354154453],[121.45271597579147737633320502937,25.03716694238417517226480413228],[121.45365398909548559913673670962,25.03734249843592607476239209063],[121.45397597895966157466318691149,25.03738507298477244944479025435],[121.45491369786778079742362024263,25.03745940400804670389334205538],[121.45553091021425018425361486152,25.03751173474491054093959974125],[121.45598520839376988078583963215,25.03759788395383623083034763113],[121.45629198025399375637789489701,25.03770044734221400517526490148],[121.45688390852097882088855840266,25.03802582841890966847131494433],[121.45788194462176079468918032944,25.0386192257906365910002932651],[121.45820872408097557126893661916,25.03881344566307021182183234487],[121.45897996210243263703887350857,25.03928235427982684768721810542],[121.46046139628600712967454455793,25.0401705397194724866949400166],[121.46129605398004969174508005381,25.04067695903778911770132253878],[121.46248796110995726849068887532,25.04138220331390485284828173462],[121.46356765810669742222671629861,25.04202673352517294347308052238],[121.46442291219159415049944072962,25.04253747426357890049075649586],[121.46496306074735116453666705638,25.04287963048871290538954781368],[121.46522142712636593842034926638,25.0430548911269177381200279342],[121.46544466980886056717281462625,25.04323927126456439395951747429],[121.4657848895735412497742800042,25.04356131392232853727364272345],[121.46677914381915286412549903616,25.04448257714365055903726897668],[121.46743966633300715329824015498,25.0451078721744231359025434358],[121.46816031354984488643822260201,25.04577546380967234540548815858],[121.46851955581941240325249964371,25.04605798009689365812846517656],[121.46886105507402930925309192389,25.04626355938502868525574740488],[121.46910361465732819397089770064,25.04636954175657592713832855225],[121.46941744069641799796954728663,25.0465045802860934998079756042],[121.47041129863991670845280168578,25.04683787780078318974119611084],[121.47088454006379265592840965837,25.04698770289880727091258449946],[121.4713269038860659065903746523,25.04712607976262717102144961245],[121.47206071965838702908513369039,25.04735573300323281387136375997],[121.47302073339513128757971571758,25.04762940832339523922200896777],[121.47391501758382048592466162518,25.04789369692040068571259325836],[121.47440956874235951090668095276,25.04802918512480758295168925542],[121.47518835915124668645148631185,25.048205259044369341836500098],[121.47559310823471889762004138902,25.04834912769764798667893046513],[121.47637120794547627156134694815,25.04866997726696098425236414187],[121.47763997505339261806511785835,25.0492643130240821847110055387],[121.47841330781503188518399838358,25.04962845367890977854585798923],[121.47885845707548924110596999526,25.04983582723889057319865969475],[121.47924557637314535440964391455,25.05018454351230161591956857592],[121.47960211246494566239562118426,25.05053406403306937022534839343],[121.47987463249350525984482374042,25.05079257635375356016993464436],[121.48010383103168408069905126467,25.05104766202993715751290437765],[121.48014544276111337239854037762,25.05119856417805834780665463768],[121.48040491878622049171099206433,25.05250663316484249776294745971],[121.48056422094187212223914684728,25.05405236055089446267629682552],[121.48066656881196934136823983863,25.05483012513176888091948057991],[121.48069834092433438854641281068,25.05511325651407261716485663783],[121.48080188902392251293349545449,25.0553082605973891361372807296],[121.48097981738227701953292125836,25.0554790055938241266630939208],[121.48120443013799274467601208016,25.05558444661350137039335095324],[121.48155747877052590411040000618,25.0557281271020606538968422683],[121.48179524875888546375790610909,25.05579568226051279111743497197],[121.48201807249337491612095618621,25.05585629826416749210693524219],[121.48289694618847534002270549536,25.05601666717100428627418295946],[121.48398759244847155969182495028,25.05621311097466019646162749268],[121.4847643107630688064091373235,25.05638844486832894631334056612],[121.48516365881374667878844775259,25.05654124317475961447598820087],[121.48571078228803798992885276675,25.05679541424493805834572413005],[121.48594008273244071460794657469,25.05689174052702128392411395907],[121.48612528040513325322535820305,25.05698662558477352035879448522],[121.48634083482531309527985285968,25.05709684519830915405691484921],[121.48647105972335680235119070858,25.05717404656509117444329604041],[121.48698720368960835003235843033,25.05750046836142885808840219397],[121.48796335258683143365487921983,25.05816736682113088363621500321],[121.48893481379531067432253621519,25.05882127612300891428276372608],[121.48984205140392589328257599846,25.05943260992853183211082068738],[121.4915768925278314327442785725,25.06060548100577278773926082067],[121.49211792427125544691079994664,25.06096164908580803398763237055],[121.49260500230299442137038568035,25.0613392838687509822648280533],[121.49279597466460245414054952562,25.06145292537591728887491626665],[121.49303405037183267722866730765,25.06153951419486602958386356477],[121.49319074825585573762509739026,25.06157658264236687273296411149],[121.49410018251091969432309269905,25.06170862479221028706888318993],[121.49507911684634109406033530831,25.06186672952744487474774359725],[121.49557723472456416402565082535,25.06193707629936184844154922757],[121.49588869427350346086313948035,25.06199191464942899187917646486],[121.49614527163130617282149614766,25.06205117368243051600984472316],[121.49649146989753489833674393594,25.06215408073299855118420964573],[121.49741631464607394264021422714,25.06248742287753472623990091961],[121.4978726283052310463972389698,25.06264616253015731217601569369],[121.49944736334623485163319855928,25.06319785981635916982668277342],[121.50009215832470488294347887859,25.06342938044229384786376613192],[121.50122381619947020681138383225,25.06383063908786823503760388121],[121.5018136497264009676655405201,25.06403563983442950302560348064],[121.50257970185070632851420668885,25.06438476187031128006310609635],[121.50303352446759674876375356689,25.06443211688981165252698701806],[121.50336228543771710519649786875,25.06440893683055648466506681871],[121.50374920092272645888442639261,25.06433705297737191131091094576],[121.50427929472589028137008426711,25.0642646357348120034203020623],[121.50457431339565061989560490474,25.06430161104778520098079752643],[121.50866495587607118977757636458,25.06362310971434581574612820987],[121.50976188635644348323694430292,25.06345346328037848593339731451],[121.51049817052523849270073696971,25.06335308048235432920591847505],[121.51131899161163119060802273452,25.06330942773489667274589010049],[121.51227153222150434430659515783,25.06331763313974292373131902423],[121.51376183225107752150506712496,25.06329400157230224976956378669],[121.51710237660091706857201643288,25.06308548151097070899595564697],[121.51790865905856264816975453869,25.06304399797686954798336955719],[121.51888618935193164816155331209,25.0629259321412476424484339077],[121.52601856433442151228518923745,25.06263813657456296368764014915],[121.52623861395355220338387880474,25.06262938751311608598371094558],[121.53241189235576769078761572018,25.06242591780971551429502142128],[121.53250866934948248854198027402,25.06242230740535958943837613333],[121.5325729948556130466386093758,25.06237901844388105132566124666],[121.53266438213954359071067301556,25.062317503064793555722644669],[121.5327382641898594783924636431,25.0622110780525382267569511896],[121.53280508073829935256071621552,25.06026563079637980990810319781],[121.53270024182585018479585414752,25.05691816844115393791980750393],[121.53253287775152102767606265843,25.05107841485855857399656088091],[121.53239197534020377133856527507,25.04718218135779395083773124497],[121.53221416021108325367094948888,25.04102174153156568081612931564],[121.53200616950131518478883663192,25.0343614738589472779040079331],[121.53197251778433951585611794144,25.03405854559129295466846087947],[121.53186696552795353909459663555,25.03380576880724106558773200959],[121.53161547216107862823264440522,25.03370545406429670265424647368],[121.53132483546124831264023669064,25.0336970671407286204157571774],[121.52928581542573738261125981808,25.03382074727479533748919493519],[121.52682685094882231169322039932,25.03412223471224962167980265804],[121.52641673480155759534682147205,25.03426937204924485058654681779],[121.52598273861681832386238966137,25.03444167496078520684932300355],[121.52519477664310443287831731141,25.03482670107458574193515232764],[121.5238502252344261478356202133,25.03546359193793691133578249719],[121.52363566723123255997052183375,25.03538961877352164719923166558],[121.52357154553763507465191651136,25.03533458898882457788204192184],[121.52343025814710131271567661315,25.03522877148575531691676587798],[121.52326997089747351310506928712,25.03497428896824672506227216218],[121.52302424089668875240022316575,25.03444149029568421838121139444],[121.52225111194761097976879682392,25.03319539469824306365808297414],[121.5220011018832195759387104772,25.03272492904569901384093100205],[121.52177519831465701827255543321,25.03226015040112883980327751487],[121.52114005046357192441064398736,25.02952990067526783946050272789],[121.52086366931943928193504689261,25.02847761695178618879253917839],[121.52088636045026248666545143351,25.02836368325791127631418930832],[121.52124081312490488926414400339,25.02785945485726060155684535857],[121.52167561323688005359144881368,25.02721657385107434379278856795],[121.5224127013329820101716904901,25.02622571147021446336111694109],[121.52290335740724458446493372321,25.02555286808727785796691023279],[121.52362373287398611410026205704,25.02449315279898911512646009214],[121.52362968872967030620202422142,25.02448277993488900960983301047],[121.52366892264603848161641508341,25.02439255855232858039016718976],[121.52386905524967630753963021562,25.02388064957489177686511538923],[121.52391316934431131357996491715,25.02363751168509153899321972858],[121.52421743883930105312174418941,25.02257751309502609160517749842],[121.52445908126617268862901255488,25.0215892347541917217768059345],[121.52427338538502965548104839399,25.02117782383651700683913077228],[121.52397459618305219919420778751,25.02088821168050358778600639198],[121.52326110505147482854226836935,25.02059399195330158249817031901],[121.52270762941931536715856054798,25.02038856459349602801012224518],[121.52213261759420959151611896232,25.02021371277047023795603308827],[121.52018851759349615804239874706,25.01959956191645773060372448526],[121.5183840631601555060115060769,25.01945466428338704645284451544],[121.51678266264360672721522860229,25.01895212817050051512524078134],[121.51608907720454055834125028923,25.01835231520855984399531735107],[121.51562292392830499920819420367,25.01766363764314249351627950091],[121.51474922480745988195849349722,25.01480556753537953795785142574],[121.51467028141210846570174908265,25.01452297928140211524805636145],[121.51462398199397796361154178157,25.01429381353581149483034096193],[121.51445511197125881608371855691,25.01377509025289569422056956682],[121.51420649462596657031099312007,25.01292768068988792151685629506],[121.51374810887253374858119059354,25.01136338581591900265266303904],[121.51328800203529567625082563609,25.00979511018059753268971689977],[121.51301567449640117501985514536,25.00884462397772267649997957051],[121.51276048985778288624715059996,25.00789476149473955501889577135],[121.51195291658737573925463948399,25.00711190723968257998421904631],[121.51195043686796282145223813131,25.00521098343597969915208523162],[121.51083919421722612241865135729,25.00390051178039385604279232211],[121.51077714461790435507282381877,25.00383626823798266514131682925],[121.5094540161730236604853416793,25.00235623569302134683312033303],[121.50857485940494484566443134099,25.00135218106895251821697456762],[121.50784682964452088071993784979,25.00055728370692520456941565499],[121.50486124750079852674389258027,24.99728182398875375724855985027],[121.50457440397896391459653386846,24.99686726320872409701223659795],[121.50375308468413493301341077313,24.99404210865358777482470031828],[121.50338359517230912842933321372,24.99286236668607585897916578688],[121.50334884513208066891820635647,24.9926960552599695120079559274],[121.50333640124351575195760233328,24.99257738293236741355940466747],[121.50338130794256130684516392648,24.9924398579456656932507030433],[121.50357914199346964778669644147,24.99228481438691318317069089971],[121.50405656157474254541739355773,24.99209467729958689119484915864],[121.50503977597384164255345240235,24.99159608303217083857816760428],[121.50628982629574181828502332792,24.99098720784427030139340786263],[121.50761006739614344951405655593,24.99035044546388917297008447349],[121.50865739216585836857120739296,24.98984526047247456403965770733]]}},
{"type":"Feature","properties":{"Layer":"r","PaperSpace":null,"SubClasses":"AcDbEntity:AcDbPolyline","Linetype":null,"EntityHandle":"2ED","Text":null},"geometry":{"type":"LineString","coordinates":[[121.49791166973193412559339776635,25.13358862813399241531442385167],[121.4981526101377795612279442139,25.1332115802300180007478047628],[121.49826483159378653908788692206,25.13307952810609435800870414823],[121.49846973114647141755995107815,25.13283488994447623099404154345],[121.4990519896402076938102254644,25.13211268940053955134317220654],[121.49969807543163824448129162192,25.13126717464767878595921501983],[121.49997117292895154605503194034,25.13088867417300420470382960048],[121.50028610861424738232017261907,25.13036134662338128009650972672]]}},
{"type":"Feature","properties":{"Layer":"railways","PaperSpace":null,"SubClasses":"AcDbEntity:AcDbPolyline","Linetype":null,"EntityHandle":"2EF","Text":null},"geometry":{"type":"LineString","coordinates":[[121.51333738128759875962714431807,25.11811567917863996513005986344],[121.51361537028627424206206342205,25.11775444366332266099561820738],[121.51340897610815261487005045637,25.11812189198957767644060368184]]}},
{"type":"Feature","properties":{"Layer":"railways","PaperSpace":null,"SubClasses":"AcDbEntity:AcDbPolyline","Linetype":null,"EntityHandle":"2F0","Text":null},"geometry":{"type":"LineString","coordinates":[[121.51361537028627424206206342205,25.11775444366332266099561820738],[121.51486840985893422839581035078,25.11588597218349860895614256151],[121.51509990694982832337700529024,25.11547397565599126778579375241]]}},
{"type":"Feature","properties":{"Layer":"railways","PaperSpace":null,"SubClasses":"AcDbEntity:AcDbPolyline","Linetype":null,"EntityHandle":"2F1","Text":null},"geometry":{"type":"LineString","coordinates":[[121.51486840985893422839581035078,25.11588597218349860895614256151],[121.51524607451871418106748024002,25.11548984122092775805867859162]]}},
{"type":"Feature","properties":{"Layer":"railways","PaperSpace":null,"SubClasses":"AcDbEntity:AcDbPolyline","Linetype":null,"EntityHandle":"2FC","Text":null},"geometry":{"type":"LineString","coordinates":[[121.44565232637638985124794999138,25.16900651139876643469506234396],[121.44590774225152074450306827202,25.16881629191200886452861595899],[121.44617760793079241921077482402,25.1686152507730156457910197787],[121.44692322916853299830108880997,25.16805982674627983897153171711],[121.44682308919108493228122824803,25.16793093912605172590701840818],[121.44555296838839808515331242234,25.16888979493139544274526997469],[121.44565232637638985124794999138,25.16900651139876643469506234396]]}},
{"type":"Feature","properties":{"Layer":"r","PaperSpace":null,"SubClasses":"AcDbEntity:AcDbPolyline","Linetype":null,"EntityHandle":"2FD","Text":null},"geometry":{"type":"LineString","coordinates":[[121.51759740332209958069142885506,25.03265212892221569518369506113],[121.51756046795838983598514460027,25.03286223964576251432845310774],[121.51780967409554534697235794738,25.03270066063278065371378033888],[121.5186788780172406632118509151,25.03233151444842263799728243612],[121.51967753687866036216291831806,25.03214386569542782012831594329],[121.52065446705726969867100706324,25.03209325111289729193231323734],[121.52135721273829460642446065322,25.03221116710454552389819582459],[121.52210316668029577158449683338,25.03317626114695571004631347023],[121.52340308314012418122729286551,25.03518059471458556686229712795],[121.52385451662092918923008255661,25.03531664069706508257695531938],[121.5243188921987353978693136014,25.0351394659356465410837699892],[121.52578917330660601692216005176,25.03440523437709330778488947544],[121.52682725857394530066812876612,25.0340253468031335160048911348],[121.52815544836386152383056469262,25.03384771877104952864101505838],[121.52923583605868884660594630986,25.03375588331559953303440124728],[121.53086504566572045860084472224,25.0336340908161716356516990345],[121.53425604494529466137464623898,25.0335042805920906516803370323],[121.53514318437159147379134083167,25.0334616995667325056729168864],[121.53605350181436506318277679384,25.03340657658390711048923549242],[121.53757358112244446601835079491,25.03341117786119340848927095067],[121.53931548774812654301058501005,25.03338961802865370032122882549],[121.54292414751071760292688850313,25.03326539371862935468016075902],[121.54576225994986771183903329074,25.03316706370421940164305851795],[121.54863692277351105985871981829,25.03309913700312705486794584431],[121.55104951989481776308821281418,25.03301045571951988222281215712],[121.55560843303743467913591302931,25.03284275209647802284962381236],[121.55940636672387711314513580874,25.03271302310962909132285858504],[121.56188763735242730490426765755,25.03263165131489387249530409463],[121.56840749900007381256727967411,25.03243029141377817836655594874],[121.57116378069947870699252234772,25.03241558464900506919548206497],[121.58147635616752779696980724111,25.0357201611601354329650348518]]}},
{"type":"Feature","properties":{"Layer":"y","PaperSpace":null,"SubClasses":"AcDbEntity:AcDbPolyline","Linetype":null,"EntityHandle":"376","Text":null},"geometry":{"type":"LineString","coordinates":[[121.45925179422502537818218115717,25.06042697536098273758398136124],[121.45964274825654172218492021784,25.04078147091214034958284173626],[121.46029323391869070292159449309,25.03768594633744370980821258854],[121.46610453367294724102976033464,25.02582457727349662945925956592],[121.46668875594025394093478098512,25.022090973643106082136000623],[121.46276675403595390889677219093,25.01649207453163370473703253083],[121.46497584717567974621488247067,25.0145327756260726914661063347],[121.46787045315359421238099457696,25.01634257233400404629719560035],[121.47665587495988859245699131861,25.01189240355360965395448147319],[121.48910676690768184471380664036,25.00546679286124884811215451919],[121.49217586649271538590255659074,25.00203583237191296007040364202],[121.496321746248995054884289857,25.00203583237191296007040364202],[121.496321746248995054884289857,25.00073403423505524756365048233],[121.49975639889730416598467854783,24.99788714071356565682435757481],[121.50070286105788852637488162145,24.99581657322656624842238670681],[121.50375308468413493301341077313,24.99404210865358777482470031828],[121.52190604311441290974471485242,24.99030191295505787252295704093],[121.52641747593392551607394125313,24.99030191295505787252295704093],[121.52641747593392551607394125313,24.98781426495341762006319186185],[121.52556709569617510169337037951,24.98523717199936555743988719769],[121.52968647009443259321415098384,24.98233500439246768110024277121],[121.54137091543817916772241005674,24.98284676024914929826081788633]]}}
]
}
